title,url,views,posted_date,channel_name,channel_url,thumbnail,embeded_code,duration,description,category,plays_at,captions,play_log,clip_cleared,clip_contact
Young Thug & Gunna - Ski [Official Video] | Young Stoner Life,https://youtube.com/watch?v=5Eqb_-j3FDA,38M views,1 year ago,Young Thug,https://youtube.com/channel/UCuwdplPbuTFZj_64d03tSBA,https://i.ytimg.com/vi/Sevhj75lj80/hq720.jpg?sqp=-oaymwEcCNAFEJQDSFXyq4qpAw4IARUAAIhCGAFwAcABBg==&rs=AOn4CLDCv5mho2eSOZKBgx2-0sMKwQJ3SQ,"<iframe width=""560"" height=""315"" src=""https://www.youtube.com/embed/Sevhj75lj80"" title=""YouTube video player"" frameborder=""0"" allow=""accelerometer; autoplay; clipboard-write; encrypted-media; gyroscope; picture-in-picture"" allowfullscreen></iframe>",02:35,Director: Omar Jones @freeomarjones Producers: Angel J Rosa & Mark Schroeder Company: AJR Films Video Commissioner: ...,,,,,,
"Young Stoner Life, Young Thug & Gunna - Ski [Official Audio]",https://youtube.com/watch?v=92j7Ep_RPhM,4.5M views,1 year ago,Young Thug,https://youtube.com/channel/UCuwdplPbuTFZj_64d03tSBA,https://i.ytimg.com/vi/92j7Ep_RPhM/hq720.jpg?sqp=-oaymwEcCNAFEJQDSFXyq4qpAw4IARUAAIhCGAFwAcABBg==&rs=AOn4CLAVYTMezZjBwawKUxPVJNIPVmnMTw,"<iframe width=""560"" height=""315"" src=""https://www.youtube.com/embed/92j7Ep_RPhM"" title=""YouTube video player"" frameborder=""0"" allow=""accelerometer; autoplay; clipboard-write; encrypted-media; gyroscope; picture-in-picture"" allowfullscreen></iframe>",02:33,Call Us: +1 (404) 224-9702 3D Design by Saiya: https://www.instagram.com/saiya.4k Follow Young Thug ...,,,,,,
Markus Eder's The Ultimate Run - The Most Insane Ski Run Ever Imagined,https://youtube.com/watch?v=fbqHK8i-HdA,8.2M views,7 months ago,Red Bull Snow,https://youtube.com/c/RedBullSnow,https://i.ytimg.com/vi/fbqHK8i-HdA/hq720.jpg?sqp=-oaymwEcCNAFEJQDSFXyq4qpAw4IARUAAIhCGAFwAcABBg==&rs=AOn4CLD76WchVIoNGzOkcDnYnqrB1qarKw,"<iframe width=""560"" height=""315"" src=""https://www.youtube.com/embed/fbqHK8i-HdA"" title=""YouTube video player"" frameborder=""0"" allow=""accelerometer; autoplay; clipboard-write; encrypted-media; gyroscope; picture-in-picture"" allowfullscreen></iframe>",10:01,"“Sometimes my mind goes kind of crazy about skiing and I ask myself, what if...?” - Markus Eder What if you could link every ...",,,,,,
Freeriding The Steep Mountains Of Chamonix | Frozen Mind FULL SNOWBOARD/FREESKI FILM,https://youtube.com/watch?v=axNnKy-jfWw,2.6M views,3 years ago,Red Bull,https://youtube.com/c/redbullgivesyouwings,https://i.ytimg.com/vi/axNnKy-jfWw/hq720.jpg?sqp=-oaymwEcCNAFEJQDSFXyq4qpAw4IARUAAIhCGAFwAcABBg==&rs=AOn4CLD2COCeyCwHzDkeLwZgXvJ60208sw,"<iframe width=""560"" height=""315"" src=""https://www.youtube.com/embed/axNnKy-jfWw"" title=""YouTube video player"" frameborder=""0"" allow=""accelerometer; autoplay; clipboard-write; encrypted-media; gyroscope; picture-in-picture"" allowfullscreen></iframe>",33:16:00,"In Frozen Mind, the pro snowboarder Victor de Le Rue is testing the limits of what is possible and challenges himself against ...",,,,,,
Young Thug & Gunna - Ski (Official Fortnite Music Video) Slalom Style Emote,https://youtube.com/watch?v=J2MKXQnsHrE,997K views,4 months ago,Placid,https://youtube.com/c/PlacidYT,https://i.ytimg.com/vi/J2MKXQnsHrE/hqdefault.jpg?sqp=-oaymwEcCOADEI4CSFXyq4qpAw4IARUAAIhCGAFwAcABBg==&rs=AOn4CLDEWuXVvflMTekDRablsQuks1Te-g,"<iframe width=""560"" height=""315"" src=""https://www.youtube.com/embed/J2MKXQnsHrE"" title=""YouTube video player"" frameborder=""0"" allow=""accelerometer; autoplay; clipboard-write; encrypted-media; gyroscope; picture-in-picture"" allowfullscreen></iframe>",02:34,Young Thug & Gunna - Ski (Official Fortnite Music Video) Slalom Style Emote Music Credit: ...,,,,,,
HOW TO SKI WITH FLOW | 3 Tips for smoother skiing,https://youtube.com/watch?v=SK6SCATFVlg,1.2M views,1 year ago,Carv,https://youtube.com/c/CarvSki,https://i.ytimg.com/vi/SK6SCATFVlg/hq720.jpg?sqp=-oaymwEcCNAFEJQDSFXyq4qpAw4IARUAAIhCGAFwAcABBg==&rs=AOn4CLDDTG6-q0PbJhB5ZHYQvsQQhrubaA,"<iframe width=""560"" height=""315"" src=""https://www.youtube.com/embed/SK6SCATFVlg"" title=""YouTube video player"" frameborder=""0"" allow=""accelerometer; autoplay; clipboard-write; encrypted-media; gyroscope; picture-in-picture"" allowfullscreen></iframe>",07:06,"""You will know when your skiing has reached the flow state. It will be effortless."" About a month ago, we met up with top-level ...",,,,,,
Ski Movie of the Year - Tales From Cascadia by BLANK Collective Films (2021),https://youtube.com/watch?v=og5itRQEl0o,125K views,6 months ago,Blank Collective films,https://youtube.com/c/BlankCollectivefilms,https://i.ytimg.com/vi/og5itRQEl0o/hq720.jpg?sqp=-oaymwEcCNAFEJQDSFXyq4qpAw4IARUAAIhCGAFwAcABBg==&rs=AOn4CLA6Gqf7UCXr_u8BF1OPJieyvRUHlA,"<iframe width=""560"" height=""315"" src=""https://www.youtube.com/embed/og5itRQEl0o"" title=""YouTube video player"" frameborder=""0"" allow=""accelerometer; autoplay; clipboard-write; encrypted-media; gyroscope; picture-in-picture"" allowfullscreen></iframe>",49:03:00,"Salomon in association with Rockstar present, IF3's Ski Movie of the Year - Tales From Cascadia by BLANK Collective Films From ...",,,,,,
How to Ski - What you need to know for your first day | REI,https://youtube.com/watch?v=n-UBie4Ioqo,1.1M views,3 years ago,REI,https://youtube.com/c/rei,https://i.ytimg.com/vi/n-UBie4Ioqo/hq720.jpg?sqp=-oaymwEcCNAFEJQDSFXyq4qpAw4IARUAAIhCGAFwAcABBg==&rs=AOn4CLCEDX3IwIIKCum7koXNC48tCPdACw,"<iframe width=""560"" height=""315"" src=""https://www.youtube.com/embed/n-UBie4Ioqo"" title=""YouTube video player"" frameborder=""0"" allow=""accelerometer; autoplay; clipboard-write; encrypted-media; gyroscope; picture-in-picture"" allowfullscreen></iframe>",09:31,Ready to hit the slopes? We partnered with Robin Barnes of the Professional Ski Instructors of America (PSIA) to teach you the ...,,,,,,
Khaid - SKI (Official Music Video),https://youtube.com/watch?v=ChetpZ6GJ_s,398K views,1 month ago,Neville Records,https://youtube.com/channel/UC44rQ2wBOWcXw1JD_lDRkRQ,https://i.ytimg.com/vi/ChetpZ6GJ_s/hqdefault.jpg?sqp=-oaymwEcCOADEI4CSFXyq4qpAw4IARUAAIhCGAFwAcABBg==&rs=AOn4CLCCioeEGdoBzYML-pCmbeHzPJtz8Q,"<iframe width=""560"" height=""315"" src=""https://www.youtube.com/embed/ChetpZ6GJ_s"" title=""YouTube video player"" frameborder=""0"" allow=""accelerometer; autoplay; clipboard-write; encrypted-media; gyroscope; picture-in-picture"" allowfullscreen></iframe>",02:32,Directed by: SYDNEY TALKER Subscribe to Khaid's YouTube channel: ...,,,,,,
Young Thug & Gunna - Ski (Lyrics),https://youtube.com/watch?v=JkCSr8AajH0,395K views,1 year ago,VibesOnly,https://youtube.com/c/VibesOnlyMusic,https://i.ytimg.com/vi/JkCSr8AajH0/hq720.jpg?sqp=-oaymwEcCNAFEJQDSFXyq4qpAw4IARUAAIhCGAFwAcABBg==&rs=AOn4CLBQ8Su1tzhoXOIF5C3qDMn50Ohvbg,"<iframe width=""560"" height=""315"" src=""https://www.youtube.com/embed/JkCSr8AajH0"" title=""YouTube video player"" frameborder=""0"" allow=""accelerometer; autoplay; clipboard-write; encrypted-media; gyroscope; picture-in-picture"" allowfullscreen></iframe>",02:33,Young Thug & Gunna - Ski (Lyrics) Help us reach 1000000 subscribers! Subscribe and turn on notifications to stay updated ...,,,,,,
Skiing The STEEPEST Runs At Palisades Tahoe!!,https://youtube.com/watch?v=StryJHhSUpM,166K views,3 months ago,The Bag o' Tricks,https://youtube.com/c/TheBagoTricks,https://i.ytimg.com/vi/StryJHhSUpM/hqdefault.jpg?sqp=-oaymwEcCOADEI4CSFXyq4qpAw4IARUAAIhCGAFwAcABBg==&rs=AOn4CLCfF0KgwgajIwVc3vwVIscf8l2M9g,"<iframe width=""560"" height=""315"" src=""https://www.youtube.com/embed/StryJHhSUpM"" title=""YouTube video player"" frameborder=""0"" allow=""accelerometer; autoplay; clipboard-write; encrypted-media; gyroscope; picture-in-picture"" allowfullscreen></iframe>",11:00,"The third and final resort we went to while in Lake Tahoe was Plaisades, aka Squaw Valley. Snow conditions were far from ideal, ...",,,,,,
"Young Stoner Life, Young Thug & Gunna - Ski [1 HOUR] (Lyrics)",https://youtube.com/watch?v=ZDom0gwkP9E,49K views,1 year ago,TheHourVibe,https://youtube.com/channel/UCJvOUKB9JUf8PYRrgQhYSEw,https://i.ytimg.com/vi/ZDom0gwkP9E/hq720.jpg?sqp=-oaymwEcCNAFEJQDSFXyq4qpAw4IARUAAIhCGAFwAcABBg==&rs=AOn4CLAr9zv8KilO5hdgTE4YTlA2FpheFg,"<iframe width=""560"" height=""315"" src=""https://www.youtube.com/embed/ZDom0gwkP9E"" title=""YouTube video player"" frameborder=""0"" allow=""accelerometer; autoplay; clipboard-write; encrypted-media; gyroscope; picture-in-picture"" allowfullscreen></iframe>",01:00:47,,,,,,,
The Sarenne (Alpe d’Huez 2019) in 4k skiing over 100 KPH. longest black run in Europe.,https://youtube.com/watch?v=GZbU3zvTTG8,4.3M views,3 years ago,Alex Wrigglesworth,https://youtube.com/c/DamnSkilled,https://i.ytimg.com/vi/GZbU3zvTTG8/hq720.jpg?sqp=-oaymwEcCNAFEJQDSFXyq4qpAw4IARUAAIhCGAFwAcABBg==&rs=AOn4CLCLK8-UZ641hA_tAoqtXqbDYO215A,"<iframe width=""560"" height=""315"" src=""https://www.youtube.com/embed/GZbU3zvTTG8"" title=""YouTube video player"" frameborder=""0"" allow=""accelerometer; autoplay; clipboard-write; encrypted-media; gyroscope; picture-in-picture"" allowfullscreen></iframe>",07:10,The Sarenne in Alpe d'Huez (2019) in 4k 60fps at over 100 KPH. Skiing the longest black run in Europe over 2000 meater altitude ...,,,,,,
Ski Music Relaxing POV Backcountry Powder Skiing | 1 Hour,https://youtube.com/watch?v=QVe-mhPPqMQ,204K views,7 months ago,Dan Noakes,https://youtube.com/c/DanNoakes,https://i.ytimg.com/vi/QVe-mhPPqMQ/hq720.jpg?sqp=-oaymwEcCNAFEJQDSFXyq4qpAw4IARUAAIhCGAFwAcABBg==&rs=AOn4CLA4nO5AQ_8KocAfY0NLyioJNER3xw,"<iframe width=""560"" height=""315"" src=""https://www.youtube.com/embed/QVe-mhPPqMQ"" title=""YouTube video player"" frameborder=""0"" allow=""accelerometer; autoplay; clipboard-write; encrypted-media; gyroscope; picture-in-picture"" allowfullscreen></iframe>",01:00:41,"1 Hour of ski music to relaxing powder ski footage all shot in Idaho, filmed and skied by Dan Noakes. If you need your skiing fix ...",,,,,,
The Top 5 Best Worst Reviews of Breckenridge Ski Resort,https://youtube.com/watch?v=e2_SSQEVniE,1.4K views,13 hours ago,Angry Snowboarder,https://youtube.com/c/AngrySnowboarder,https://i.ytimg.com/vi/e2_SSQEVniE/hq720.jpg?sqp=-oaymwEcCNAFEJQDSFXyq4qpAw4IARUAAIhCGAFwAcABBg==&rs=AOn4CLAozq7iatuTqZUZDjsJavoccwS7RQ,"<iframe width=""560"" height=""315"" src=""https://www.youtube.com/embed/e2_SSQEVniE"" title=""YouTube video player"" frameborder=""0"" allow=""accelerometer; autoplay; clipboard-write; encrypted-media; gyroscope; picture-in-picture"" allowfullscreen></iframe>",14:07,"Welcome to Top 5's where your host decides what their top 5 picks are. You might agree with them, you might disagree with them, ...",,,,,,
da hood; raiding a star and his crew(2v25) (worst crew),https://youtube.com/watch?v=_G8DmNY6lbU,21K views,1 month ago,ski,https://youtube.com/channel/UCZu7Kqo5Bw1Pzc3YfPnH89Q,https://i.ytimg.com/vi/_G8DmNY6lbU/hq720.jpg?sqp=-oaymwEcCNAFEJQDSFXyq4qpAw4IARUAAIhCGAFwAcABBg==&rs=AOn4CLDx1c6fPU7r8Y5WnOBpsEMj_pzWdw,"<iframe width=""560"" height=""315"" src=""https://www.youtube.com/embed/_G8DmNY6lbU"" title=""YouTube video player"" frameborder=""0"" allow=""accelerometer; autoplay; clipboard-write; encrypted-media; gyroscope; picture-in-picture"" allowfullscreen></iframe>",17:28,dahood #kimbladi #roblox #aimlock #Lcrew yall so ass holy fuck ski#2306 roblox: ...,,,,,,
"[CLEAN] Young Stoner Life, Young Thug & Gunna - Ski",https://youtube.com/watch?v=_6xOxsQoVO0,344K views,1 year ago,Link - Edits,https://youtube.com/c/LinkEditsClean,https://i.ytimg.com/vi/_6xOxsQoVO0/hq720.jpg?sqp=-oaymwEcCNAFEJQDSFXyq4qpAw4IARUAAIhCGAFwAcABBg==&rs=AOn4CLAtZ2y5ncGe0vaAa8OHd0ugt_WPlw,"<iframe width=""560"" height=""315"" src=""https://www.youtube.com/embed/_6xOxsQoVO0"" title=""YouTube video player"" frameborder=""0"" allow=""accelerometer; autoplay; clipboard-write; encrypted-media; gyroscope; picture-in-picture"" allowfullscreen></iframe>",02:33,"From the album Slime Language 2 If you would like to request a song for me to clean for only $2, head to my page: ...",,,,,,
Top 10 Lines of All Time I Ski Men,https://youtube.com/watch?v=izWefh7S7l4,360K views,6 months ago,Freeride World Tour,https://youtube.com/c/freerideworldtourtv,https://i.ytimg.com/vi/izWefh7S7l4/hq720.jpg?sqp=-oaymwEcCNAFEJQDSFXyq4qpAw4IARUAAIhCGAFwAcABBg==&rs=AOn4CLClLI3o4BvC34ciC4nMVKF71snkcQ,"<iframe width=""560"" height=""315"" src=""https://www.youtube.com/embed/izWefh7S7l4"" title=""YouTube video player"" frameborder=""0"" allow=""accelerometer; autoplay; clipboard-write; encrypted-media; gyroscope; picture-in-picture"" allowfullscreen></iframe>",14:35,"From the heaviest tricks ever thrown to the biggest backflips ever sent, here are the 10 best lines we have ever seen in the Ski ...",,,,,,
"Jackson Hole Massive Air, Backcountry Skiing, Straight lines & Couloirs | O_leeps",https://youtube.com/watch?v=6vA4BuJM3_g,3.6M views,2 years ago,O_leeps | Big Mountain Ski Videos,https://youtube.com/c/OleepsBigMountainSkiVideos,https://i.ytimg.com/vi/6vA4BuJM3_g/hq720.jpg?sqp=-oaymwEcCNAFEJQDSFXyq4qpAw4IARUAAIhCGAFwAcABBg==&rs=AOn4CLDH1jPLA9QT4GsDZ2nLkh0X4TPjUA,"<iframe width=""560"" height=""315"" src=""https://www.youtube.com/embed/6vA4BuJM3_g"" title=""YouTube video player"" frameborder=""0"" allow=""accelerometer; autoplay; clipboard-write; encrypted-media; gyroscope; picture-in-picture"" allowfullscreen></iframe>",04:45,"Tons of ski lines in the backcountry off the tram, sketchy couloirs, blower powder and sending some huge frontflips with Julian ...",,,,,,
Grand Couloir Hardest ski run in Europe?,https://youtube.com/watch?v=PVZ0XgdVKSM,703K views,4 months ago,Alex Wrigglesworth,https://youtube.com/c/DamnSkilled,https://i.ytimg.com/vi/PVZ0XgdVKSM/hq720.jpg?sqp=-oaymwEcCNAFEJQDSFXyq4qpAw4IARUAAIhCGAFwAcABBg==&rs=AOn4CLBydzqcZ8Kf1AFpmFx-cxXwAH3UTA,"<iframe width=""560"" height=""315"" src=""https://www.youtube.com/embed/PVZ0XgdVKSM"" title=""YouTube video player"" frameborder=""0"" allow=""accelerometer; autoplay; clipboard-write; encrypted-media; gyroscope; picture-in-picture"" allowfullscreen></iframe>",05:35,This ski slope is called the Grand Couloir often referred to as the hardest inbound ski run in Europe. This is my first time skiing the ...,,,,,,
Ski Mask The Slump God - Nuketown ft. Juice WRLD (Directed by Cole Bennett),https://youtube.com/watch?v=LjkDor2LenI,60M views,2 years ago,Lyrical Lemonade,https://youtube.com/user/GooodLifeFilms,https://i.ytimg.com/vi/LjkDor2LenI/hqdefault.jpg?sqp=-oaymwEcCOADEI4CSFXyq4qpAw4IARUAAIhCGAFwAcABBg==&rs=AOn4CLA02iiFDOsB3_BoO8bwfd6pHBDh6g,"<iframe width=""560"" height=""315"" src=""https://www.youtube.com/embed/LjkDor2LenI"" title=""YouTube video player"" frameborder=""0"" allow=""accelerometer; autoplay; clipboard-write; encrypted-media; gyroscope; picture-in-picture"" allowfullscreen></iframe>",03:09,Lyrical Lemonade Presents: Ski Mask The Slump God - Nuketown [ft. Juice WRLD] (Official Music Video) In Loving Memory of ...,,,,,,
Ski Mask The Slump God - Faucet Failure,https://youtube.com/watch?v=ALA4rBQp6MA,38M views,3 years ago,Ski Mask The Slump God,https://youtube.com/channel/UCdARoxad2UaIQPDy6fbz4Nw,https://i.ytimg.com/vi/ALA4rBQp6MA/hq720.jpg?sqp=-oaymwEcCNAFEJQDSFXyq4qpAw4IARUAAIhCGAFwAcABBg==&rs=AOn4CLBOvoG3OF8nZGvpUbP9TpIuVGRUfQ,"<iframe width=""560"" height=""315"" src=""https://www.youtube.com/embed/ALA4rBQp6MA"" title=""YouTube video player"" frameborder=""0"" allow=""accelerometer; autoplay; clipboard-write; encrypted-media; gyroscope; picture-in-picture"" allowfullscreen></iframe>",02:37,"Music video by Ski Mask The Slump God performing Faucet Failure. © 2019 Republic Records, a division of UMG Recordings, ...",,,,,,
HOW TO SKI | 10 BEGINNER SKILLS FOR THE FIRST DAY SKIING,https://youtube.com/watch?v=_yfFGDuJ2g0,4.5M views,4 years ago,Stomp It Tutorials,https://youtube.com/c/StompItTutorials,https://i.ytimg.com/vi/_yfFGDuJ2g0/hq720.jpg?sqp=-oaymwEcCNAFEJQDSFXyq4qpAw4IARUAAIhCGAFwAcABBg==&rs=AOn4CLB15NAnFz7vook4TGjM2JIeSPpd2A,"<iframe width=""560"" height=""315"" src=""https://www.youtube.com/embed/_yfFGDuJ2g0"" title=""YouTube video player"" frameborder=""0"" allow=""accelerometer; autoplay; clipboard-write; encrypted-media; gyroscope; picture-in-picture"" allowfullscreen></iframe>",17:34,What you will learn in this tutorial: 00:37 Tip / Skill 1: Reading the slope map 01:14 Tip / Skill 2: Control your ski gear 03:29 Tip ...,,,,,,
Thief tries to steal a jet ski despite not knowing how to swim and had to be rescued by the police,https://youtube.com/watch?v=XCdw5t_vsng,40 views,3 hours ago,VESA Channel,https://youtube.com/c/VESAChannel,https://i.ytimg.com/vi/XCdw5t_vsng/hq720.jpg?sqp=-oaymwEcCNAFEJQDSFXyq4qpAw4IARUAAIhCGAFwAcABBg==&rs=AOn4CLB7SKy52ulL7JuArbsciDKSvA6F1Q,"<iframe width=""560"" height=""315"" src=""https://www.youtube.com/embed/XCdw5t_vsng"" title=""YouTube video player"" frameborder=""0"" allow=""accelerometer; autoplay; clipboard-write; encrypted-media; gyroscope; picture-in-picture"" allowfullscreen></iframe>",01:30,"Police say the man tried to steal the jet ski and was unable to start it, he ended up floating away into the middle of the waterway.",,,,,,
2023 Rossignol Rallybird 92 Women's Ski Review with SkiEssentials.com,https://youtube.com/watch?v=PClOpkLN8f8,376 views,7 hours ago,Skiessentials.com,https://youtube.com/channel/UCgijSqjxEFzRJuQwNBRrTDg,https://i.ytimg.com/vi/PClOpkLN8f8/hq720.jpg?sqp=-oaymwEcCNAFEJQDSFXyq4qpAw4IARUAAIhCGAFwAcABBg==&rs=AOn4CLBQQUyjwbWK1Xt1zMdT-AhcAfkplQ,"<iframe width=""560"" height=""315"" src=""https://www.youtube.com/embed/PClOpkLN8f8"" title=""YouTube video player"" frameborder=""0"" allow=""accelerometer; autoplay; clipboard-write; encrypted-media; gyroscope; picture-in-picture"" allowfullscreen></iframe>",15:10,Jeff and Emily chat about the new 2023 Rossignol Rallybird 92 and Emily shares her thoughts and experience after multiple ...,,,,,,
ISBJÖRNAR & SKIDÅKNING - SVALBARD SAIL TO SKI EP.2 |VLOGG² 60,https://youtube.com/watch?v=m0HomVk50qU,2.5K views,12 hours ago,Mattias Hargin,https://youtube.com/channel/UCeK575Z86O4fEAVbr5zMKFw,,"<iframe width=""560"" height=""315"" src=""https://www.youtube.com/embed/m0HomVk50qU"" title=""YouTube video player"" frameborder=""0"" allow=""accelerometer; autoplay; clipboard-write; encrypted-media; gyroscope; picture-in-picture"" allowfullscreen></iframe>",14:44,"Vår Svalbard resa rullar vidare med helt oförglömliga dagar. Vi får besök av Isbjörn, seglar norrut mot Nordpolen och iskanten och ...",,,,,,
Friday Night Funkin' SkyBlue VS Ski + Cutscenes (FNF Mod/Hard) (FanGirl Mod/Pow Sky/Manifest),https://youtube.com/watch?v=HcE5H5-VZnE,2.5M views,2 months ago,CommunityGame,https://youtube.com/c/CommunityGame,,"<iframe width=""560"" height=""315"" src=""https://www.youtube.com/embed/HcE5H5-VZnE"" title=""YouTube video player"" frameborder=""0"" allow=""accelerometer; autoplay; clipboard-write; encrypted-media; gyroscope; picture-in-picture"" allowfullscreen></iframe>",05:40,SkyBlue is a new Sky in the FNF community. She's from /funkg/. I really don't know much about her but some say she will be ...,,,,,,
SKI DUBAI at MALL OF THE EMIRATES #dubai #uae,https://youtube.com/watch?v=jByUdFqssnI,138 views,14 hours ago,NICEL DIY,https://youtube.com/channel/UC-Cc0epq35gotStQ3Z05vKw,,"<iframe width=""560"" height=""315"" src=""https://www.youtube.com/embed/jByUdFqssnI"" title=""YouTube video player"" frameborder=""0"" allow=""accelerometer; autoplay; clipboard-write; encrypted-media; gyroscope; picture-in-picture"" allowfullscreen></iframe>",13:23,SKI DUBAI at MALL OF THE EMIRATES #dubai #uae.,,,,,,
"Fortnite Montage - ""SKI"" (Young Thug, Gunna) *NEW SLALOM STYLE EMOTE*",https://youtube.com/watch?v=R_kXa419ytc,708K views,4 months ago,albee,https://youtube.com/c/Albeee,,"<iframe width=""560"" height=""315"" src=""https://www.youtube.com/embed/R_kXa419ytc"" title=""YouTube video player"" frameborder=""0"" allow=""accelerometer; autoplay; clipboard-write; encrypted-media; gyroscope; picture-in-picture"" allowfullscreen></iframe>",02:08,Please like and subscribe if you enjoyed this “Ski” Fortnite Montage! Also use Code “ALBEE” in the Fortnite item shop to support ...,,,,,,
UAS SKI,https://youtube.com/watch?v=veVqUu5Qvic,2 views,15 hours ago,Lela Fauziyah 19140107,https://youtube.com/channel/UCIfNTdkoNMGFnae7owo55LA,,"<iframe width=""560"" height=""315"" src=""https://www.youtube.com/embed/veVqUu5Qvic"" title=""YouTube video player"" frameborder=""0"" allow=""accelerometer; autoplay; clipboard-write; encrypted-media; gyroscope; picture-in-picture"" allowfullscreen></iframe>",06:31,,,,,,,
