"title","url","views","posted_date","channel_name","channel_url","thumbnail","embeded_code","duration","description","category","plays_at","captions","play_log","clip_cleared","clip_contact"
"Beach Bunny - Sports (Official Audio)","https://youtube.com/watch?v=szeXkBYq5HU","14M views","4 years ago","Beach Bunny","https://youtube.com/channel/UCvyz2XB3Seq9MCbtORt1WIw","https://i.ytimg.com/vi/szeXkBYq5HU/hq720.jpg?sqp=-oaymwEcCNAFEJQDSFXyq4qpAw4IARUAAIhCGAFwAcABBg==&rs=AOn4CLBQcwFFmjMip-L3OdKfoRFBCQ5_bg","<iframe width=""560"" height=""315"" src=""https://www.youtube.com/embed/szeXkBYq5HU"" title=""YouTube video player"" frameborder=""0"" allow=""accelerometer; autoplay; clipboard-write; encrypted-media; gyroscope; picture-in-picture"" allowfullscreen></iframe>","2:45","booking/inquires: beachbunnymusic@gmail.com huge thanks to grahm nesbitt for the artwork! find him at:¬†...","","","","","",""
"Top 100 Sports Plays of the Decade | 2010 - 2019 Best Moments","https://youtube.com/watch?v=_eaK4DIxB5s","15M views","2 years ago","Sports Complex","https://youtube.com/c/SportsComplexOfficial","https://i.ytimg.com/vi/_eaK4DIxB5s/hq720.jpg?sqp=-oaymwEcCNAFEJQDSFXyq4qpAw4IARUAAIhCGAFwAcABBg==&rs=AOn4CLDucFOkr6ZTew3fiMp_jpO8JNzFMQ","<iframe width=""560"" height=""315"" src=""https://www.youtube.com/embed/_eaK4DIxB5s"" title=""YouTube video player"" frameborder=""0"" allow=""accelerometer; autoplay; clipboard-write; encrypted-media; gyroscope; picture-in-picture"" allowfullscreen></iframe>","28:52","Check out the Top 100 plays of the decade where we count down the very best from the past 10 years over the next 30 minutes.","","","","","",""
"Impossible Moments in Sports","https://youtube.com/watch?v=YaVp_xXotxo","12M views","11 months ago","Spor Delisi HD","https://youtube.com/channel/UCRQMZQ0R561looJMoxPmRoQ","https://i.ytimg.com/vi/YaVp_xXotxo/hq720.jpg?sqp=-oaymwEcCNAFEJQDSFXyq4qpAw4IARUAAIhCGAFwAcABBg==&rs=AOn4CLATMyVNn0rBoMVWcabU5nbPQHKJJw","<iframe width=""560"" height=""315"" src=""https://www.youtube.com/embed/YaVp_xXotxo"" title=""YouTube video player"" frameborder=""0"" allow=""accelerometer; autoplay; clipboard-write; encrypted-media; gyroscope; picture-in-picture"" allowfullscreen></iframe>","8:31","Impossible Moments in Sports video with you. You will love this video of Golf, Football, NBA, Tennis and Volleyball. Enjoy the¬†...","","","","","",""
"High IQ Moments in Sports","https://youtube.com/watch?v=AbnjSelQYV8","10M views","9 months ago","AshStudio7","https://youtube.com/c/Ashstudio7HD","https://i.ytimg.com/vi/AbnjSelQYV8/hq720.jpg?sqp=-oaymwEcCNAFEJQDSFXyq4qpAw4IARUAAIhCGAFwAcABBg==&rs=AOn4CLBbSvOYw9_oczSg20mSPhMzaplZ9g","<iframe width=""560"" height=""315"" src=""https://www.youtube.com/embed/AbnjSelQYV8"" title=""YouTube video player"" frameborder=""0"" allow=""accelerometer; autoplay; clipboard-write; encrypted-media; gyroscope; picture-in-picture"" allowfullscreen></iframe>","6:20","The most genius moments in soccer, football, tennis, golf, basketball, and ice hockey history! TURN ON NOTIFICATIONS TO¬†...","","","","","",""
"1000 IQ Moments in Sports","https://youtube.com/watch?v=AqvyzO3IPXc","3.6M views","2 months ago","Ding Productions","https://youtube.com/c/DingProductions","https://i.ytimg.com/vi/AqvyzO3IPXc/hqdefault.jpg?sqp=-oaymwEcCOADEI4CSFXyq4qpAw4IARUAAIhCGAFwAcABBg==&rs=AOn4CLCEhujKusKZ8zU-ainFgyrWprPkDA","<iframe width=""560"" height=""315"" src=""https://www.youtube.com/embed/AqvyzO3IPXc"" title=""YouTube video player"" frameborder=""0"" allow=""accelerometer; autoplay; clipboard-write; encrypted-media; gyroscope; picture-in-picture"" allowfullscreen></iframe>","20:10","When a player has 1000 IQ during a play. AKA the smartest plays in sports history. When I say ""in Sports"" I am referring to¬†...","","","","","",""
"The DUMBEST Plays In Sports History || COMPILATION","https://youtube.com/watch?v=anXVhxO7zjA","1.7M views","3 years ago","TPS","https://youtube.com/user/TotalProSportsDotCom","https://i.ytimg.com/vi/anXVhxO7zjA/hq720.jpg?sqp=-oaymwEcCNAFEJQDSFXyq4qpAw4IARUAAIhCGAFwAcABBg==&rs=AOn4CLAy3L6XeeSQlBr3i_qFhwVqF_278Q","<iframe width=""560"" height=""315"" src=""https://www.youtube.com/embed/anXVhxO7zjA"" title=""YouTube video player"" frameborder=""0"" allow=""accelerometer; autoplay; clipboard-write; encrypted-media; gyroscope; picture-in-picture"" allowfullscreen></iframe>","10:34","Compilation #DumbestPlays #SportsHistory Some times we wonder why do athletes do that or WTF if that athlete doing.","","","","","",""
"All Sports Golf Battle at The Masters","https://youtube.com/watch?v=heIKaaamvdc","9.8M views","2 months ago","Dude Perfect","https://youtube.com/c/DudePerfect","https://i.ytimg.com/vi/heIKaaamvdc/hqdefault.jpg?sqp=-oaymwEcCOADEI4CSFXyq4qpAw4IARUAAIhCGAFwAcABBg==&rs=AOn4CLCrcQImwUppvXAg4zNVxMKFEODJvw","<iframe width=""560"" height=""315"" src=""https://www.youtube.com/embed/heIKaaamvdc"" title=""YouTube video player"" frameborder=""0"" allow=""accelerometer; autoplay; clipboard-write; encrypted-media; gyroscope; picture-in-picture"" allowfullscreen></iframe>","11:18","As always...Go Big and God Bless! - Your friends at Dude Perfect Business or Media, please contact us at:¬†...","","","","","",""
"Craziest ""Karma/Revenge"" Moments in Sports History","https://youtube.com/watch?v=kwuIWZ9wRmw","12M views","10 months ago","Highlight Reel","https://youtube.com/c/HighlightReelYT","https://i.ytimg.com/vi/kwuIWZ9wRmw/hq720.jpg?sqp=-oaymwEcCNAFEJQDSFXyq4qpAw4IARUAAIhCGAFwAcABBg==&rs=AOn4CLBofQTRl2g31UC_NZ0AYCUT1Jkg5w","<iframe width=""560"" height=""315"" src=""https://www.youtube.com/embed/kwuIWZ9wRmw"" title=""YouTube video player"" frameborder=""0"" allow=""accelerometer; autoplay; clipboard-write; encrypted-media; gyroscope; picture-in-picture"" allowfullscreen></iframe>","16:12","Craziest ""Karma/Revenge"" Moments in Sports History BIBLE VERSE OF THE DAY: Ecclesiastes 12:13-14.","","","","","",""
"Craziest ""1 in a Trillion"" Moments in Sports History","https://youtube.com/watch?v=RxhDx1gpoeo","19M views","9 months ago","Highlight Reel","https://youtube.com/c/HighlightReelYT","https://i.ytimg.com/vi/RxhDx1gpoeo/hqdefault.jpg?sqp=-oaymwEcCOADEI4CSFXyq4qpAw4IARUAAIhCGAFwAcABBg==&rs=AOn4CLBUkVsq0PyYYAy_5Y5_xQC1hBeuDg","<iframe width=""560"" height=""315"" src=""https://www.youtube.com/embed/RxhDx1gpoeo"" title=""YouTube video player"" frameborder=""0"" allow=""accelerometer; autoplay; clipboard-write; encrypted-media; gyroscope; picture-in-picture"" allowfullscreen></iframe>","11:48","Craziest ""1 in a Trillion"" Moments in Sports History BIBLE VERSE OF THE DAY: Ephesians 5:1.","","","","","",""
"All Sports Baseball Battle | Dude Perfect","https://youtube.com/watch?v=dwV04XuiWq4","56M views","3 years ago","Dude Perfect","https://youtube.com/c/DudePerfect","https://i.ytimg.com/vi/dwV04XuiWq4/hq720.jpg?sqp=-oaymwEcCNAFEJQDSFXyq4qpAw4IARUAAIhCGAFwAcABBg==&rs=AOn4CLBa3khcVihYjVN3Rde-8l3EXMhfoQ","<iframe width=""560"" height=""315"" src=""https://www.youtube.com/embed/dwV04XuiWq4"" title=""YouTube video player"" frameborder=""0"" allow=""accelerometer; autoplay; clipboard-write; encrypted-media; gyroscope; picture-in-picture"" allowfullscreen></iframe>","11:57","Special thanks to Prosper ISD for use of their amazing facilities! NEXT LEVEL STUFF ------------------------------------------- NEW¬†...","","","","","",""
"Top 50 Sports Plays of the Year | 2021 Greatest Moments","https://youtube.com/watch?v=k1eG8TAH6qI","107K views","5 months ago","Sports Complex","https://youtube.com/c/SportsComplexOfficial","https://i.ytimg.com/vi/k1eG8TAH6qI/hq720.jpg?sqp=-oaymwEcCNAFEJQDSFXyq4qpAw4IARUAAIhCGAFwAcABBg==&rs=AOn4CLAych-i0kEQAppO_XslxrlmorktGA","<iframe width=""560"" height=""315"" src=""https://www.youtube.com/embed/k1eG8TAH6qI"" title=""YouTube video player"" frameborder=""0"" allow=""accelerometer; autoplay; clipboard-write; encrypted-media; gyroscope; picture-in-picture"" allowfullscreen></iframe>","15:53","All rights go to the original leagues and their broadcasters, no copyright infringement intended. If I feature clips that you own and¬†...","","","","","",""
"Greatest World Records in Sport History","https://youtube.com/watch?v=v3m_DlYSJOA","30M views","1 year ago","Spor Delisi HD","https://youtube.com/channel/UCRQMZQ0R561looJMoxPmRoQ","https://i.ytimg.com/vi/v3m_DlYSJOA/hq720.jpg?sqp=-oaymwEcCNAFEJQDSFXyq4qpAw4IARUAAIhCGAFwAcABBg==&rs=AOn4CLBHQ63XoX6nQ__wkWBkxYEGC9PEhQ","<iframe width=""560"" height=""315"" src=""https://www.youtube.com/embed/v3m_DlYSJOA"" title=""YouTube video player"" frameborder=""0"" allow=""accelerometer; autoplay; clipboard-write; encrypted-media; gyroscope; picture-in-picture"" allowfullscreen></iframe>","9:38","Greatest World Records in Sport History video with you. Naim S√ºleymanoƒülu 190 kilograms Yelena Isinbayeva 5.06 Usain Bolt¬†...","","","","","",""
"Impossible Sports Moments","https://youtube.com/watch?v=jzJW0gTYB9k","1.4M views","3 months ago","AshStudio7","https://youtube.com/c/Ashstudio7HD","https://i.ytimg.com/vi/jzJW0gTYB9k/hq720.jpg?sqp=-oaymwEcCNAFEJQDSFXyq4qpAw4IARUAAIhCGAFwAcABBg==&rs=AOn4CLDkJClRvRZgx1YV4ANRmAvYVx5Ccg","<iframe width=""560"" height=""315"" src=""https://www.youtube.com/embed/jzJW0gTYB9k"" title=""YouTube video player"" frameborder=""0"" allow=""accelerometer; autoplay; clipboard-write; encrypted-media; gyroscope; picture-in-picture"" allowfullscreen></iframe>","7:52","TURN ON NOTIFICATIONS TO NEVER MISS AN UPLOAD!   Title: Impossible Sports Moments.","","","","","",""
"Craziest ""GAME OVER"" Moments in Sports History","https://youtube.com/watch?v=WKwOQ4JuOcE","9.9M views","7 months ago","Highlight Reel","https://youtube.com/c/HighlightReelYT","https://i.ytimg.com/vi/WKwOQ4JuOcE/hq720.jpg?sqp=-oaymwEcCNAFEJQDSFXyq4qpAw4IARUAAIhCGAFwAcABBg==&rs=AOn4CLBkouT7u1L11n4z5K15ANxItyCerw","<iframe width=""560"" height=""315"" src=""https://www.youtube.com/embed/WKwOQ4JuOcE"" title=""YouTube video player"" frameborder=""0"" allow=""accelerometer; autoplay; clipboard-write; encrypted-media; gyroscope; picture-in-picture"" allowfullscreen></iframe>","21:15","2O MINUTES PLUS OF Craziest ""GAME OVER"" Moments in Sports History BIBLE VERSE OF THE DAY: Proverbs 17:17.","","","","","",""
"Worst Effort Plays in US Sports Compilation","https://youtube.com/watch?v=_XFzT9GMmw8","38M views","4 years ago","Highlight Heaven","https://youtube.com/c/HighlightHeaven","https://i.ytimg.com/vi/_XFzT9GMmw8/hq720.jpg?sqp=-oaymwEcCNAFEJQDSFXyq4qpAw4IARUAAIhCGAFwAcABBg==&rs=AOn4CLCkql38aeWfQaLuTHlnnBDTS7hfpw","<iframe width=""560"" height=""315"" src=""https://www.youtube.com/embed/_XFzT9GMmw8"" title=""YouTube video player"" frameborder=""0"" allow=""accelerometer; autoplay; clipboard-write; encrypted-media; gyroscope; picture-in-picture"" allowfullscreen></iframe>","7:39","(All rights go to ESPN, Fox, CBS, NBC, Universal Music Group, the NFL, NBA, NCAA, MLB, NHL, XFL & its broadcasters. I do not¬†...","","","","","",""
"Craziest ""Thinking outside the Box"" Moments in Sports History","https://youtube.com/watch?v=szlhtejAMyM","14M views","8 months ago","Highlight Reel","https://youtube.com/c/HighlightReelYT","https://i.ytimg.com/vi/szlhtejAMyM/hq720.jpg?sqp=-oaymwEcCNAFEJQDSFXyq4qpAw4IARUAAIhCGAFwAcABBg==&rs=AOn4CLDb6G2eVrLlL8ApyAPcywtE_45Y7A","<iframe width=""560"" height=""315"" src=""https://www.youtube.com/embed/szlhtejAMyM"" title=""YouTube video player"" frameborder=""0"" allow=""accelerometer; autoplay; clipboard-write; encrypted-media; gyroscope; picture-in-picture"" allowfullscreen></iframe>","15:56","Craziest ""Thinking outside the Box"" Moments in Sports History BIBLE VERSE OF THE DAY: James 5:16.","","","","","",""
"Unbelievable Sports Moments - Knockouts, Comebacks, & Farewells","https://youtube.com/watch?v=_4NNHo3gWoc","2.4M views","2 years ago","Joseph Vincent","https://youtube.com/c/vinniemack84","https://i.ytimg.com/vi/_4NNHo3gWoc/hq720.jpg?sqp=-oaymwEcCNAFEJQDSFXyq4qpAw4IARUAAIhCGAFwAcABBg==&rs=AOn4CLCGgfsn48fICdzfX0NNe1RIFdLbeA","<iframe width=""560"" height=""315"" src=""https://www.youtube.com/embed/_4NNHo3gWoc"" title=""YouTube video player"" frameborder=""0"" allow=""accelerometer; autoplay; clipboard-write; encrypted-media; gyroscope; picture-in-picture"" allowfullscreen></iframe>","40:52","This video focuses on some unbelievable moments from the sports world. Crazy comebacks, wins, knockouts, and farewells.","","","","","",""
"Craziest ""Deadly Fall"" Moments in Sports History","https://youtube.com/watch?v=U7bNzl0HepU","1.5M views","7 months ago","Highlight Reel","https://youtube.com/c/HighlightReelYT","https://i.ytimg.com/vi/U7bNzl0HepU/hq720.jpg?sqp=-oaymwEcCNAFEJQDSFXyq4qpAw4IARUAAIhCGAFwAcABBg==&rs=AOn4CLAJuV2i5Kc5Ww3uwn_Ti4CfFS0rkg","<iframe width=""560"" height=""315"" src=""https://www.youtube.com/embed/U7bNzl0HepU"" title=""YouTube video player"" frameborder=""0"" allow=""accelerometer; autoplay; clipboard-write; encrypted-media; gyroscope; picture-in-picture"" allowfullscreen></iframe>","23:53","Craziest ""Deadly Fall"" Moments in Sports History BIBLE VERSE OF THE DAY: James 1:19.","","","","","",""
"Best Of Boxing 2021 | Full Episode | SHOWTIME SPORTS","https://youtube.com/watch?v=YClWEHi6mzY","557K views","5 months ago","SHOWTIME Sports","https://youtube.com/c/SHOSports","https://i.ytimg.com/vi/YClWEHi6mzY/hq720.jpg?sqp=-oaymwEcCNAFEJQDSFXyq4qpAw4IARUAAIhCGAFwAcABBg==&rs=AOn4CLCO_RbqG5UKqWhQFO2V51zlkUxVYA","<iframe width=""560"" height=""315"" src=""https://www.youtube.com/embed/YClWEHi6mzY"" title=""YouTube video player"" frameborder=""0"" allow=""accelerometer; autoplay; clipboard-write; encrypted-media; gyroscope; picture-in-picture"" allowfullscreen></iframe>","29:33","2021 was one of the most action-packed and unforgettable years in SHOWTIME boxing's history. Relive the legendary year in the¬†...","","","","","",""
"20 TIMES SPORTS FANS TOOK IT WAY TOO FAR","https://youtube.com/watch?v=_6akkGVr2zs","7.6M views","1 year ago","GONTH","https://youtube.com/c/gonth","https://i.ytimg.com/vi/_6akkGVr2zs/hqdefault.jpg?sqp=-oaymwEcCOADEI4CSFXyq4qpAw4IARUAAIhCGAFwAcABBg==&rs=AOn4CLDh8EgQoa_5pvqQPM2JQul7xmhz9A","<iframe width=""560"" height=""315"" src=""https://www.youtube.com/embed/_6akkGVr2zs"" title=""YouTube video player"" frameborder=""0"" allow=""accelerometer; autoplay; clipboard-write; encrypted-media; gyroscope; picture-in-picture"" allowfullscreen></iframe>","8:03","#sports #funny Previous Videos: 17 VERY INAPPROPRIATE MOMENTS IN SPORTS¬†...","","","","","",""
"All Sports Trick Shots | Dude Perfect","https://youtube.com/watch?v=bIDKhZ_4jLQ","27M views","2 years ago","Dude Perfect","https://youtube.com/c/DudePerfect","https://i.ytimg.com/vi/bIDKhZ_4jLQ/hq720.jpg?sqp=-oaymwEcCNAFEJQDSFXyq4qpAw4IARUAAIhCGAFwAcABBg==&rs=AOn4CLBfW2t5fRl1hesZJnNi1AVdX0C5KA","<iframe width=""560"" height=""315"" src=""https://www.youtube.com/embed/bIDKhZ_4jLQ"" title=""YouTube video player"" frameborder=""0"" allow=""accelerometer; autoplay; clipboard-write; encrypted-media; gyroscope; picture-in-picture"" allowfullscreen></iframe>","6:48","Special Thanks to Prosper ISD, Frisco Rough Riders, and FC Dallas for providing the stadium venues. NEXT LEVEL STUFF¬†...","","","","","",""
"Craziest ""You Have to See It to Believe It"" Moments in Sports History","https://youtube.com/watch?v=jxlygT8QMGM","1.1M views","1 month ago","Highlight Reel","https://youtube.com/c/HighlightReelYT","https://i.ytimg.com/vi/jxlygT8QMGM/hqdefault.jpg?sqp=-oaymwEcCOADEI4CSFXyq4qpAw4IARUAAIhCGAFwAcABBg==&rs=AOn4CLB7hv08uGna2ghPRqk6dJnUUFMIdg","<iframe width=""560"" height=""315"" src=""https://www.youtube.com/embed/jxlygT8QMGM"" title=""YouTube video player"" frameborder=""0"" allow=""accelerometer; autoplay; clipboard-write; encrypted-media; gyroscope; picture-in-picture"" allowfullscreen></iframe>","16:21","15 MINUTES PLUS OF Craziest ""You Have to See It to Believe It"" Moments in Sports History BIBLE VERSE OF THE DAY:¬†...","","","","","",""
"Craziest ‚ÄúSaving Lives‚Äù Moments in Sports History","https://youtube.com/watch?v=dW8J7_l8INY","88M views","2 years ago","Highlight Reel","https://youtube.com/c/HighlightReelYT","https://i.ytimg.com/vi/dW8J7_l8INY/hq720.jpg?sqp=-oaymwEcCNAFEJQDSFXyq4qpAw4IARUAAIhCGAFwAcABBg==&rs=AOn4CLA5nlxxAHkOCWYiPgi2C7EsSkxN-w","<iframe width=""560"" height=""315"" src=""https://www.youtube.com/embed/dW8J7_l8INY"" title=""YouTube video player"" frameborder=""0"" allow=""accelerometer; autoplay; clipboard-write; encrypted-media; gyroscope; picture-in-picture"" allowfullscreen></iframe>","5:33","Craziest ‚ÄúSaving Lives‚Äù Moments in Sports History Saving the life of a dying teammate on the Field!! Joshua 1:9.","","","","","",""
"Deshaun Watson lawsuits will 'never be forgotten' - Mike Florio | Pro Football Talk | NBC Sports","https://youtube.com/watch?v=9uMcYuvOvIU","48K views","10 hours ago","NBC Sports","https://youtube.com/c/NBCSports","https://i.ytimg.com/vi/9uMcYuvOvIU/hq720.jpg?sqp=-oaymwEcCNAFEJQDSFXyq4qpAw4IARUAAIhCGAFwAcABBg==&rs=AOn4CLB-UtPRBvxDdm9ux-GGR2-QcNAE9A","<iframe width=""560"" height=""315"" src=""https://www.youtube.com/embed/9uMcYuvOvIU"" title=""YouTube video player"" frameborder=""0"" allow=""accelerometer; autoplay; clipboard-write; encrypted-media; gyroscope; picture-in-picture"" allowfullscreen></iframe>","21:13","NBC Sports Group serves sports fans 24/7 with premier live events, insightful studio shows, and compelling original programming.","","","","","",""
"Most Embarrassing Moments in Sports - Funniest Moments in Sports History","https://youtube.com/watch?v=MRdkdIfkBJ8","954K views","8 days ago","WOW SPORT","https://youtube.com/channel/UCZVDXqzZdPfKnNnPjLgcxHg","https://i.ytimg.com/vi/MRdkdIfkBJ8/hq720.jpg?sqp=-oaymwEcCNAFEJQDSFXyq4qpAw4IARUAAIhCGAFwAcABBg==&rs=AOn4CLC-3lKSDDMJX1l0MgYXAzg85KuAdQ","<iframe width=""560"" height=""315"" src=""https://www.youtube.com/embed/MRdkdIfkBJ8"" title=""YouTube video player"" frameborder=""0"" allow=""accelerometer; autoplay; clipboard-write; encrypted-media; gyroscope; picture-in-picture"" allowfullscreen></iframe>","8:31","Topic of the day: Most Embarrassing Moments in Sports - Funniest Moments in Sports History. Video is a compilation of all funny¬†...","","","","","",""
"All Sports Golf Battle 4","https://youtube.com/watch?v=luR70V5gdS0","37M views","1 year ago","Dude Perfect","https://youtube.com/c/DudePerfect","https://i.ytimg.com/vi/luR70V5gdS0/hqdefault.jpg?sqp=-oaymwEcCOADEI4CSFXyq4qpAw4IARUAAIhCGAFwAcABBg==&rs=AOn4CLDl5vyvJCA3_juQEqau-U-fgd7lxA","<iframe width=""560"" height=""315"" src=""https://www.youtube.com/embed/luR70V5gdS0"" title=""YouTube video player"" frameborder=""0"" allow=""accelerometer; autoplay; clipboard-write; encrypted-media; gyroscope; picture-in-picture"" allowfullscreen></iframe>","13:47","As always...Go Big and God Bless! - Your friends at Dude Perfect Business or Media, please contact us at:¬†...","","","","","",""
"Sports Fails/Funny Moments of January 2022 || Sports Bloopers","https://youtube.com/watch?v=r4frEO-BRbg","9.3K views","4 months ago","Savage Brick Sports","https://youtube.com/channel/UCJka5SDh36_N4pjJd69efkg","https://i.ytimg.com/vi/r4frEO-BRbg/hqdefault.jpg?sqp=-oaymwEcCOADEI4CSFXyq4qpAw4IARUAAIhCGAFwAcABBg==&rs=AOn4CLAh8CYPrkNFcux9FPySP5vMT_56fA","<iframe width=""560"" height=""315"" src=""https://www.youtube.com/embed/r4frEO-BRbg"" title=""YouTube video player"" frameborder=""0"" allow=""accelerometer; autoplay; clipboard-write; encrypted-media; gyroscope; picture-in-picture"" allowfullscreen></iframe>","8:01","Outro made by: @BlackoutCreates on twitter Outro Song: AFX - 14 Cornish Spreek5b [St. Nectan S Glen Waterfalls Mix]¬†...","","","","","",""
"Liverpool vs. Real Madrid: Extended Highlights | UCL Final | CBS Sports Golazo","https://youtube.com/watch?v=2jrcndaXKJI","1.9M views","11 days ago","CBS Sports Golazo","https://youtube.com/c/cbssportsgolazo","https://i.ytimg.com/vi/2jrcndaXKJI/hqdefault.jpg?sqp=-oaymwEcCOADEI4CSFXyq4qpAw4IARUAAIhCGAFwAcABBg==&rs=AOn4CLBHD4NsTAQ9nbtckCeOrTarkL4-IQ","<iframe width=""560"" height=""315"" src=""https://www.youtube.com/embed/2jrcndaXKJI"" title=""YouTube video player"" frameborder=""0"" allow=""accelerometer; autoplay; clipboard-write; encrypted-media; gyroscope; picture-in-picture"" allowfullscreen></iframe>","11:44","Extended Highlights, Presented By Heineken Two of Europe's most legendary clubs face off in Paris for its most prestigious prize¬†...","","","","","",""
"Liverpool v. Wolves | PREMIER LEAGUE HIGHLIGHTS | 5/22/2022 | NBC Sports","https://youtube.com/watch?v=6AaVVbNfnME","431K views","2 weeks ago","NBC Sports","https://youtube.com/c/NBCSports","https://i.ytimg.com/vi/6AaVVbNfnME/hq720.jpg?sqp=-oaymwEcCNAFEJQDSFXyq4qpAw4IARUAAIhCGAFwAcABBg==&rs=AOn4CLD_I-Amx4CbVcH26UzhMq4OLPSt0Q","<iframe width=""560"" height=""315"" src=""https://www.youtube.com/embed/6AaVVbNfnME"" title=""YouTube video player"" frameborder=""0"" allow=""accelerometer; autoplay; clipboard-write; encrypted-media; gyroscope; picture-in-picture"" allowfullscreen></iframe>","16:01","NBC Sports Group serves sports fans 24/7 with premier live events, insightful studio shows, and compelling original programming.","","","","","",""
"Learning Sports For Kids With Blippi | Educational Videos For Kids","https://youtube.com/watch?v=YptT5-atd9s","3.6M views","8 months ago","Blippi - Educational Videos for Kids","https://youtube.com/c/Blippi","https://i.ytimg.com/vi/YptT5-atd9s/hq720.jpg?sqp=-oaymwEcCNAFEJQDSFXyq4qpAw4IARUAAIhCGAFwAcABBg==&rs=AOn4CLA4YCV7K6RXrVIla6hNXv4pfjdenA","<iframe width=""560"" height=""315"" src=""https://www.youtube.com/embed/YptT5-atd9s"" title=""YouTube video player"" frameborder=""0"" allow=""accelerometer; autoplay; clipboard-write; encrypted-media; gyroscope; picture-in-picture"" allowfullscreen></iframe>","59:12","Blippi is back with Blippi's Sports Summer Games special for kids! Learn all about sports for kids with Blippi! In this kids tv show¬†...","","","","","",""
"25 WEIRDEST MOMENTS IN SPORTS","https://youtube.com/watch?v=ipls93SIkNU","4.3M views","1 year ago","Hyperloop","https://youtube.com/c/Hyperloopp","https://i.ytimg.com/vi/ipls93SIkNU/hq720.jpg?sqp=-oaymwEcCNAFEJQDSFXyq4qpAw4IARUAAIhCGAFwAcABBg==&rs=AOn4CLDeAMsTdcw_C_JDzqRXe_JetsTjug","<iframe width=""560"" height=""315"" src=""https://www.youtube.com/embed/ipls93SIkNU"" title=""YouTube video player"" frameborder=""0"" allow=""accelerometer; autoplay; clipboard-write; encrypted-media; gyroscope; picture-in-picture"" allowfullscreen></iframe>","10:53","25 WEIRDEST MOMENTS IN SPORTS Here are 25 WEIRDEST MOMENTS IN SPORTS. For those of you interested on how I¬†...","","","","","",""
"Sports Day Song | + 2 HOURS of Nursery Rhymes and Kids Songs | Little Baby Bum","https://youtube.com/watch?v=7w5flwOed8M","1M views","3 months ago","Little Baby Bum - Nursery Rhymes & Kids Songs","https://youtube.com/channel/UCKAqou7V9FAWXpZd9xtOg3Q","https://i.ytimg.com/vi/7w5flwOed8M/hq720.jpg?sqp=-oaymwEcCNAFEJQDSFXyq4qpAw4IARUAAIhCGAFwAcABBg==&rs=AOn4CLBFXgH908enmlj3AkBYaUVekJdEuw","<iframe width=""560"" height=""315"" src=""https://www.youtube.com/embed/7w5flwOed8M"" title=""YouTube video player"" frameborder=""0"" allow=""accelerometer; autoplay; clipboard-write; encrypted-media; gyroscope; picture-in-picture"" allowfullscreen></iframe>","2:02:39","On your marks, get set, Go! Join your favourite Little Baby Bum characters in SPORTS DAY! Come along and have a fun day out¬†...","","","","","",""
"Nintendo Switch Sports Review","https://youtube.com/watch?v=EK0uD4bDWTw","586K views","1 month ago","IGN","https://youtube.com/c/IGN","","<iframe width=""560"" height=""315"" src=""https://www.youtube.com/embed/EK0uD4bDWTw"" title=""YouTube video player"" frameborder=""0"" allow=""accelerometer; autoplay; clipboard-write; encrypted-media; gyroscope; picture-in-picture"" allowfullscreen></iframe>","7:01","Nintendo Switch Sports was reviewed on Nintendo Switch by Colin Stevens. Nintendo Switch Sports, like Wii Sports and Wii¬†...","","","","","",""
"Memorable Moments in Sports History","https://youtube.com/watch?v=P0lzqyT9fb4","70M views","2 years ago","Cenk Bezirci","https://youtube.com/c/CenkBezirciTR","https://i.ytimg.com/vi/P0lzqyT9fb4/hq720.jpg?sqp=-oaymwEcCNAFEJQDSFXyq4qpAw4IARUAAIhCGAFwAcABBg==&rs=AOn4CLAdBbaqgXU8_17CmUUBf8hQSxWHpw","<iframe width=""560"" height=""315"" src=""https://www.youtube.com/embed/P0lzqyT9fb4"" title=""YouTube video player"" frameborder=""0"" allow=""accelerometer; autoplay; clipboard-write; encrypted-media; gyroscope; picture-in-picture"" allowfullscreen></iframe>","10:01","Memorable Moments in Sports History! SUBSCRƒ∞BE for more .. Music: Luminox - Bomba [GFM] Pirates Of The Caribbean [GFM]¬†...","","","","","",""
"Nintendo Switch Sports - Overview Trailer - Nintendo Switch","https://youtube.com/watch?v=tiwjvBSS_Wk","1M views","2 months ago","Nintendo","https://youtube.com/c/nintendo","https://i.ytimg.com/vi/tiwjvBSS_Wk/hq720.jpg?sqp=-oaymwEcCNAFEJQDSFXyq4qpAw4IARUAAIhCGAFwAcABBg==&rs=AOn4CLAAUFINGFapZv5eVk_gn7DsXv4S2Q","<iframe width=""560"" height=""315"" src=""https://www.youtube.com/embed/tiwjvBSS_Wk"" title=""YouTube video player"" frameborder=""0"" allow=""accelerometer; autoplay; clipboard-write; encrypted-media; gyroscope; picture-in-picture"" allowfullscreen></iframe>","5:27","Enjoy six sports with family and friends locally and online in Nintendo Switch Sports! Play Soccer, Volleyball, Bowling, Tennis,¬†...","","","","","",""
"All Sports Golf Battle 2 | Dude Perfect","https://youtube.com/watch?v=-RmUADCWI4A","104M views","4 years ago","Dude Perfect","https://youtube.com/c/DudePerfect","https://i.ytimg.com/vi/-RmUADCWI4A/hq720.jpg?sqp=-oaymwEcCNAFEJQDSFXyq4qpAw4IARUAAIhCGAFwAcABBg==&rs=AOn4CLDfwRFUYsX14cEojhN535OZuQYEug","<iframe width=""560"" height=""315"" src=""https://www.youtube.com/embed/-RmUADCWI4A"" title=""YouTube video player"" frameborder=""0"" allow=""accelerometer; autoplay; clipboard-write; encrypted-media; gyroscope; picture-in-picture"" allowfullscreen></iframe>","11:41","In between videos we hang out with you guys on Instagram, Snapchat, Twitter, and Facebook so pick your favorite one and hang¬†...","","","","","",""
"Viagra Boys - Sports (Official Video)","https://youtube.com/watch?v=QjL7D33xpS4","4.5M views","3 years ago","viagra boys","https://youtube.com/channel/UCWEK3RhJB-BkdMZ9fiROVAQ","https://i.ytimg.com/vi/QjL7D33xpS4/hq720.jpg?sqp=-oaymwEcCNAFEJQDSFXyq4qpAw4IARUAAIhCGAFwAcABBg==&rs=AOn4CLAVhRcy68JwQuw88ocSLQ9oqM0FLg","<iframe width=""560"" height=""315"" src=""https://www.youtube.com/embed/QjL7D33xpS4"" title=""YouTube video player"" frameborder=""0"" allow=""accelerometer; autoplay; clipboard-write; encrypted-media; gyroscope; picture-in-picture"" allowfullscreen></iframe>","4:10","Director: Simon Jung DOP: Paul Evans Producer: Manga Minja Production Company: Diktator Executive Producer:¬†...","","","","","",""
"20 MUST SEE SPORTS MOMENTS","https://youtube.com/watch?v=a5hr5sqBNMQ","8.9M views","2 years ago","Trend Wave","https://youtube.com/c/TrendWave","https://i.ytimg.com/vi/a5hr5sqBNMQ/hqdefault.jpg?sqp=-oaymwEcCOADEI4CSFXyq4qpAw4IARUAAIhCGAFwAcABBg==&rs=AOn4CLBLQ7BO6nzdCJvhLmgxar1Vzx2xxg","<iframe width=""560"" height=""315"" src=""https://www.youtube.com/embed/a5hr5sqBNMQ"" title=""YouTube video player"" frameborder=""0"" allow=""accelerometer; autoplay; clipboard-write; encrypted-media; gyroscope; picture-in-picture"" allowfullscreen></iframe>","5:02","20 MUST SEE SPORTS MOMENTS.","","","","","",""
"25 MUST SEE MOMENTS IN SPORTS üî•üòò","https://youtube.com/watch?v=InqSDgjlF30","2.8M views","3 months ago","Sport WTF","https://youtube.com/channel/UCDv5MGPqEPhcZ9n-oJ36-AA","https://i.ytimg.com/vi/InqSDgjlF30/hqdefault.jpg?sqp=-oaymwEcCOADEI4CSFXyq4qpAw4IARUAAIhCGAFwAcABBg==&rs=AOn4CLCS5rxHKk9fIDMpQz_ELnuu-Z9-9g","<iframe width=""560"" height=""315"" src=""https://www.youtube.com/embed/InqSDgjlF30"" title=""YouTube video player"" frameborder=""0"" allow=""accelerometer; autoplay; clipboard-write; encrypted-media; gyroscope; picture-in-picture"" allowfullscreen></iframe>","7:52","Please hit like and subscribe so you never miss a new upload again!   Like and sub! :D Football, basketball, soccer, tennis, and¬†...","","","","","",""
"South Korea vs Brazil | INTERNATIONAL FRIENDLY HIGHLIGHTS | 06/02/2022 | beIN SPORTS USA","https://youtube.com/watch?v=Q2l_vxMGI4Y","689K views","6 days ago","beIN SPORTS USA","https://youtube.com/c/beinsportsusa","https://i.ytimg.com/vi/Q2l_vxMGI4Y/hqdefault.jpg?sqp=-oaymwEcCOADEI4CSFXyq4qpAw4IARUAAIhCGAFwAcABBg==&rs=AOn4CLBV3IkOPDuB8iLkV3zv7GZlsw_MyQ","<iframe width=""560"" height=""315"" src=""https://www.youtube.com/embed/Q2l_vxMGI4Y"" title=""YouTube video player"" frameborder=""0"" allow=""accelerometer; autoplay; clipboard-write; encrypted-media; gyroscope; picture-in-picture"" allowfullscreen></iframe>","11:52","The friendly match between the South Korean and Brazilian teams ended at the Seoul World Cup Stadium, Mapo-gu, Seoul,¬†...","","","","","",""
"My Thoughts on Sports","https://youtube.com/watch?v=rJBhkkzNDkQ","46M views","6 years ago","TheOdd1sOut","https://youtube.com/c/theodd1sout","https://i.ytimg.com/vi/rJBhkkzNDkQ/hq720.jpg?sqp=-oaymwEcCNAFEJQDSFXyq4qpAw4IARUAAIhCGAFwAcABBg==&rs=AOn4CLCxsxT4Ak3YnI67LpCsd3znX219zw","<iframe width=""560"" height=""315"" src=""https://www.youtube.com/embed/rJBhkkzNDkQ"" title=""YouTube video player"" frameborder=""0"" allow=""accelerometer; autoplay; clipboard-write; encrypted-media; gyroscope; picture-in-picture"" allowfullscreen></iframe>","9:01","~~~~~~~~~~~~~~~~~~~~~~~~~~ Twitter ‚û§ https://twitter.com/Theodd1sout Website ‚û§ https://theodd1sout.com/","","","","","",""
"100% Creative Sports Moments","https://youtube.com/watch?v=DHlkWwlujS0","6.8M views","4 months ago","AshStudio7","https://youtube.com/c/Ashstudio7HD","https://i.ytimg.com/vi/DHlkWwlujS0/hq720.jpg?sqp=-oaymwEcCNAFEJQDSFXyq4qpAw4IARUAAIhCGAFwAcABBg==&rs=AOn4CLCHAjN3GbvLOAt_womXIcQdmAaFSA","<iframe width=""560"" height=""315"" src=""https://www.youtube.com/embed/DHlkWwlujS0"" title=""YouTube video player"" frameborder=""0"" allow=""accelerometer; autoplay; clipboard-write; encrypted-media; gyroscope; picture-in-picture"" allowfullscreen></iframe>","8:04","TURN ON NOTIFICATIONS TO NEVER MISS AN UPLOAD!   Title: 100% Creative Sports Moments Check out my latest music¬†...","","","","","",""
"20 EMBARRASSING AND FUNNIEST MOMENTS IN SPORTS","https://youtube.com/watch?v=Bke6lW_q88Q","2.5M views","7 months ago","SportsPro","https://youtube.com/channel/UCb4_z-mud9YU0b0ine0vs1A","https://i.ytimg.com/vi/Bke6lW_q88Q/hq720.jpg?sqp=-oaymwEcCNAFEJQDSFXyq4qpAw4IARUAAIhCGAFwAcABBg==&rs=AOn4CLAXgQqSciqfQ5jv7mCniaFV0lxMyw","<iframe width=""560"" height=""315"" src=""https://www.youtube.com/embed/Bke6lW_q88Q"" title=""YouTube video player"" frameborder=""0"" allow=""accelerometer; autoplay; clipboard-write; encrypted-media; gyroscope; picture-in-picture"" allowfullscreen></iframe>","9:24","20 EMBARRASSING AND FUNNIEST MOMENTS IN SPORTS.","","","","","",""
"Baker Mayfield's salary is guaranteed despite injury | Pro Football Talk | NBC Sports","https://youtube.com/watch?v=lri5tMO_1FI","23K views","1 day ago","NBC Sports","https://youtube.com/c/NBCSports","https://i.ytimg.com/vi/lri5tMO_1FI/hq720.jpg?sqp=-oaymwEcCNAFEJQDSFXyq4qpAw4IARUAAIhCGAFwAcABBg==&rs=AOn4CLC4gJYY1PQ45wwTqP2Wmo6c4UPmMA","<iframe width=""560"" height=""315"" src=""https://www.youtube.com/embed/lri5tMO_1FI"" title=""YouTube video player"" frameborder=""0"" allow=""accelerometer; autoplay; clipboard-write; encrypted-media; gyroscope; picture-in-picture"" allowfullscreen></iframe>","6:34","NBC Sports Group serves sports fans 24/7 with premier live events, insightful studio shows, and compelling original programming.","","","","","",""
"Stephen Curry Replies to Fans on the Internet | Actually Me | GQ Sports","https://youtube.com/watch?v=OuOkS2tm89k","4.9M views","4 months ago","GQ Sports","https://youtube.com/c/GQsports","https://i.ytimg.com/vi/OuOkS2tm89k/hqdefault.jpg?sqp=-oaymwEcCOADEI4CSFXyq4qpAw4IARUAAIhCGAFwAcABBg==&rs=AOn4CLBgCX0C5V3FXlaKYNy_qqH3PixoPA","<iframe width=""560"" height=""315"" src=""https://www.youtube.com/embed/OuOkS2tm89k"" title=""YouTube video player"" frameborder=""0"" allow=""accelerometer; autoplay; clipboard-write; encrypted-media; gyroscope; picture-in-picture"" allowfullscreen></iframe>","9:34","On this episode of Actually Me, Stephen Curry goes undercover on the Internet and responds to real comments from fans on¬†...","","","","","",""
"25 INAPPROPRIATE MOMENTS IN SPORTS","https://youtube.com/watch?v=zTQzX2sjhvo","12M views","1 year ago","Hyperloop","https://youtube.com/c/Hyperloopp","https://i.ytimg.com/vi/zTQzX2sjhvo/hq720.jpg?sqp=-oaymwEcCNAFEJQDSFXyq4qpAw4IARUAAIhCGAFwAcABBg==&rs=AOn4CLCXufsaaREiLqqbiUPPly-YVmE7QA","<iframe width=""560"" height=""315"" src=""https://www.youtube.com/embed/zTQzX2sjhvo"" title=""YouTube video player"" frameborder=""0"" allow=""accelerometer; autoplay; clipboard-write; encrypted-media; gyroscope; picture-in-picture"" allowfullscreen></iframe>","10:11","25 INAPPROPRIATE MOMENTS IN SPORTS Here are 25 INAPPROPRIATE MOMENTS IN SPORTS. For those of you interested¬†...","","","","","",""
"Dizzy Sports Battle 2 | Dude Perfect","https://youtube.com/watch?v=Cy0thWiV-eA","46M views","6 years ago","Dude Perfect","https://youtube.com/c/DudePerfect","https://i.ytimg.com/vi/Cy0thWiV-eA/hq720.jpg?sqp=-oaymwEcCNAFEJQDSFXyq4qpAw4IARUAAIhCGAFwAcABBg==&rs=AOn4CLC8RNyJCklTScHpHPtQKLJqFN487Q","<iframe width=""560"" height=""315"" src=""https://www.youtube.com/embed/Cy0thWiV-eA"" title=""YouTube video player"" frameborder=""0"" allow=""accelerometer; autoplay; clipboard-write; encrypted-media; gyroscope; picture-in-picture"" allowfullscreen></iframe>","6:38","In between videos we hang out with you guys on Instagram, Vine, Twitter, and Facebook so pick your favorite one and hang with¬†...","","","","","",""
"The History of Wii Sports World Records","https://youtube.com/watch?v=NscWoJVrEfw","3.2M views","6 months ago","Summoning Salt","https://youtube.com/c/SummoningSalt","https://i.ytimg.com/vi/NscWoJVrEfw/hq720.jpg?sqp=-oaymwEcCNAFEJQDSFXyq4qpAw4IARUAAIhCGAFwAcABBg==&rs=AOn4CLB1xGAFYXWc6C_TWyHD-JpBfeWorQ","<iframe width=""560"" height=""315"" src=""https://www.youtube.com/embed/NscWoJVrEfw"" title=""YouTube video player"" frameborder=""0"" allow=""accelerometer; autoplay; clipboard-write; encrypted-media; gyroscope; picture-in-picture"" allowfullscreen></iframe>","44:39","Music Credits: List of all music in this video:¬†...","","","","","",""
"Boston Celtics vs Golden State Warriors Game 2 | Live Play-By-Play & Reactions","https://youtube.com/watch?v=CJ1wFMBjnCs","385K views","Streamed 3 days ago","The Sports Fury","https://youtube.com/c/TheSportsFury","https://i.ytimg.com/vi/CJ1wFMBjnCs/hqdefault.jpg?sqp=-oaymwEcCOADEI4CSFXyq4qpAw4IARUAAIhCGAFwAcABBg==&rs=AOn4CLBBmJXH9l8RlNNI99IhS1wBV4-Wmw","<iframe width=""560"" height=""315"" src=""https://www.youtube.com/embed/CJ1wFMBjnCs"" title=""YouTube video player"" frameborder=""0"" allow=""accelerometer; autoplay; clipboard-write; encrypted-media; gyroscope; picture-in-picture"" allowfullscreen></iframe>","4:04:34","Boston Celtics vs Golden State Warriors Game 2 | Live Play-By-Play & Reactions The Celtics were able to take game 1 after an¬†...","","","","","",""
"1 In A Trillion Moments In Sport - Craziest Moments In Sports History","https://youtube.com/watch?v=vynJxKoCaSk","1M views","1 month ago","WOW SPORT","https://youtube.com/channel/UCZVDXqzZdPfKnNnPjLgcxHg","https://i.ytimg.com/vi/vynJxKoCaSk/hq720.jpg?sqp=-oaymwEcCNAFEJQDSFXyq4qpAw4IARUAAIhCGAFwAcABBg==&rs=AOn4CLAUT0ekelqWl_EVybX6vLikJGrHdw","<iframe width=""560"" height=""315"" src=""https://www.youtube.com/embed/vynJxKoCaSk"" title=""YouTube video player"" frameborder=""0"" allow=""accelerometer; autoplay; clipboard-write; encrypted-media; gyroscope; picture-in-picture"" allowfullscreen></iframe>","8:45","Hello beloved supporters! Today on Wow Sport, we promise to bring you some very interesting and unexpected one-in-a-million¬†...","","","","","",""
"Epic Viral Moments in Sports","https://youtube.com/watch?v=4BC7IMaEZzk","787K views","3 months ago","Spor Delisi HD","https://youtube.com/channel/UCRQMZQ0R561looJMoxPmRoQ","https://i.ytimg.com/vi/4BC7IMaEZzk/hq720.jpg?sqp=-oaymwEcCNAFEJQDSFXyq4qpAw4IARUAAIhCGAFwAcABBg==&rs=AOn4CLAbyELXeIOSr8ZQK9oSehpMwiEzjA","<iframe width=""560"" height=""315"" src=""https://www.youtube.com/embed/4BC7IMaEZzk"" title=""YouTube video player"" frameborder=""0"" allow=""accelerometer; autoplay; clipboard-write; encrypted-media; gyroscope; picture-in-picture"" allowfullscreen></iframe>","8:13","Epic Viral Moments in Sports video with you. There are names like Michelle Jenneke, Balotelli, Ronaldo, Federer, Curry and¬†...","","","","","",""
"Paul Pogba to leave Manchester United this summer","https://youtube.com/watch?v=9ya0VVMmfPU","187K views","7 days ago","Sky Sports News","https://youtube.com/c/SkySportsNews","https://i.ytimg.com/vi/9ya0VVMmfPU/hqdefault.jpg?sqp=-oaymwEcCOADEI4CSFXyq4qpAw4IARUAAIhCGAFwAcABBg==&rs=AOn4CLArekuDq_HmDA6xQfon34COWCRawA","<iframe width=""560"" height=""315"" src=""https://www.youtube.com/embed/9ya0VVMmfPU"" title=""YouTube video player"" frameborder=""0"" allow=""accelerometer; autoplay; clipboard-write; encrypted-media; gyroscope; picture-in-picture"" allowfullscreen></iframe>","6:08","Paul Pogba has announced he is leaving Manchester United. The midfielder is currently without contract but has been in talks¬†...","","","","","",""
"Amazing ""1 in a Billion"" Moments in Sports #1","https://youtube.com/watch?v=EuaJcN4oiE8","16K views","2 weeks ago","Savage Brick Sports","https://youtube.com/channel/UCJka5SDh36_N4pjJd69efkg","https://i.ytimg.com/vi/EuaJcN4oiE8/hq720.jpg?sqp=-oaymwEcCNAFEJQDSFXyq4qpAw4IARUAAIhCGAFwAcABBg==&rs=AOn4CLCxO9a0flTSwBcK2q6U7icv8wSZbA","<iframe width=""560"" height=""315"" src=""https://www.youtube.com/embed/EuaJcN4oiE8"" title=""YouTube video player"" frameborder=""0"" allow=""accelerometer; autoplay; clipboard-write; encrypted-media; gyroscope; picture-in-picture"" allowfullscreen></iframe>","5:54","Outro made by: @BlackoutCreates on twitter Outro Song: AFX - 14 Cornish Spreek5b [St. Nectan S Glen Waterfalls Mix]¬†...","","","","","",""
"Most Extreme Sports!","https://youtube.com/watch?v=6-aGt23ytyI","12M views","3 months ago","Beast Reacts","https://youtube.com/c/BeastReacts","https://i.ytimg.com/vi/6-aGt23ytyI/hqdefault.jpg?sqp=-oaymwEcCOADEI4CSFXyq4qpAw4IARUAAIhCGAFwAcABBg==&rs=AOn4CLDuIy-uisiv2Eum-lggv-VPXxRuYg","<iframe width=""560"" height=""315"" src=""https://www.youtube.com/embed/6-aGt23ytyI"" title=""YouTube video player"" frameborder=""0"" allow=""accelerometer; autoplay; clipboard-write; encrypted-media; gyroscope; picture-in-picture"" allowfullscreen></iframe>","9:17","Like normal sports but EXTREME! CHECK OUT THESE CHANNELS OR ELSE GoPro¬†...","","","","","",""
"10 Things Miami Dolphin Tyreek Hill Can't Live Without | GQ Sports","https://youtube.com/watch?v=Wd_mbNOESO4","1.1M views","3 weeks ago","GQ Sports","https://youtube.com/c/GQsports","https://i.ytimg.com/vi/Wd_mbNOESO4/hq720.jpg?sqp=-oaymwEcCNAFEJQDSFXyq4qpAw4IARUAAIhCGAFwAcABBg==&rs=AOn4CLACEqBF4u3nwrp1SGPEyMYRsvn5xA","<iframe width=""560"" height=""315"" src=""https://www.youtube.com/embed/Wd_mbNOESO4"" title=""YouTube video player"" frameborder=""0"" allow=""accelerometer; autoplay; clipboard-write; encrypted-media; gyroscope; picture-in-picture"" allowfullscreen></iframe>","8:48","There are a few things Miami Dolphins' wide receiver Tyreek Hill can't live without. From a ReAthlete massage gun and his ATV¬†...","","","","","",""
"PFT Draft: Best current NFL head coaches | Pro Football Talk | NBC Sports","https://youtube.com/watch?v=l3D3wIwpXCE","25K views","2 days ago","NBC Sports","https://youtube.com/c/NBCSports","https://i.ytimg.com/vi/l3D3wIwpXCE/hq720.jpg?sqp=-oaymwEcCNAFEJQDSFXyq4qpAw4IARUAAIhCGAFwAcABBg==&rs=AOn4CLA606UB7FQGjaddnQpoAboDtUEFCA","<iframe width=""560"" height=""315"" src=""https://www.youtube.com/embed/l3D3wIwpXCE"" title=""YouTube video player"" frameborder=""0"" allow=""accelerometer; autoplay; clipboard-write; encrypted-media; gyroscope; picture-in-picture"" allowfullscreen></iframe>","11:52","NBC Sports Group serves sports fans 24/7 with premier live events, insightful studio shows, and compelling original programming.","","","","","",""
"Blippi's Sports Summer Games Movie | Kids Movies | Educational Videos For Kids","https://youtube.com/watch?v=iemxFIRwkGU","10M views","11 months ago","Blippi - Educational Videos for Kids","https://youtube.com/c/Blippi","https://i.ytimg.com/vi/iemxFIRwkGU/hq720.jpg?sqp=-oaymwEcCNAFEJQDSFXyq4qpAw4IARUAAIhCGAFwAcABBg==&rs=AOn4CLDqCqVIpcOrQLT_ZNomG9pDkO5sRA","<iframe width=""560"" height=""315"" src=""https://www.youtube.com/embed/iemxFIRwkGU"" title=""YouTube video player"" frameborder=""0"" allow=""accelerometer; autoplay; clipboard-write; encrypted-media; gyroscope; picture-in-picture"" allowfullscreen></iframe>","40:07","Blippi is back with Blippi's Sports Summer Games Movie For Kids! Join Blippi as he learns all about Sports for kids! Which sports¬†...","","","","","",""
"Looney Tunes | Best Sports Moments | WB Kids","https://youtube.com/watch?v=d_lZTAsWxBU","7.5M views","4 years ago","WB Kids","https://youtube.com/c/wbkids","https://i.ytimg.com/vi/d_lZTAsWxBU/hq720.jpg?sqp=-oaymwEcCNAFEJQDSFXyq4qpAw4IARUAAIhCGAFwAcABBg==&rs=AOn4CLAF7bP2NgJZq8YYc7uFca5PxPn5PA","<iframe width=""560"" height=""315"" src=""https://www.youtube.com/embed/d_lZTAsWxBU"" title=""YouTube video player"" frameborder=""0"" allow=""accelerometer; autoplay; clipboard-write; encrypted-media; gyroscope; picture-in-picture"" allowfullscreen></iframe>","29:36","Lace up your sneakers and head onto the field with Bugs for golf, soccor, tennis, and more! WB Kids is the home of all of your¬†...","","","","","",""
"The BEST Goals of the 2021/22 Premier League Season! | Part Two","https://youtube.com/watch?v=AmgIzj7SUb8","443K views","9 days ago","Sky Sports Football","https://youtube.com/c/SkySportsFootball","https://i.ytimg.com/vi/AmgIzj7SUb8/hq720.jpg?sqp=-oaymwEcCNAFEJQDSFXyq4qpAw4IARUAAIhCGAFwAcABBg==&rs=AOn4CLAPVrLcmvolL_bf0wc3EkOlcaTSPg","<iframe width=""560"" height=""315"" src=""https://www.youtube.com/embed/AmgIzj7SUb8"" title=""YouTube video player"" frameborder=""0"" allow=""accelerometer; autoplay; clipboard-write; encrypted-media; gyroscope; picture-in-picture"" allowfullscreen></iframe>","5:03","SUBSCRIBE ‚ñª http://bit.ly/SSFootballSub PREMIER LEAGUE HIGHLIGHTS ‚ñª http://bit.ly/SkySportsPLHighlights2122 Take a¬†...","","","","","",""
"Sports moments you might have missed in 2021, a breakdown compilation","https://youtube.com/watch?v=Z0Ue3z73ygU","469K views","5 months ago","Jomboy Media","https://youtube.com/c/JomboyVideos","https://i.ytimg.com/vi/Z0Ue3z73ygU/hq720.jpg?sqp=-oaymwEcCNAFEJQDSFXyq4qpAw4IARUAAIhCGAFwAcABBg==&rs=AOn4CLBkwhjEMS4DbSlShroLD6MICN6N1g","<iframe width=""560"" height=""315"" src=""https://www.youtube.com/embed/Z0Ue3z73ygU"" title=""YouTube video player"" frameborder=""0"" allow=""accelerometer; autoplay; clipboard-write; encrypted-media; gyroscope; picture-in-picture"" allowfullscreen></iframe>","10:20","JMBaseball #seatgeekcodeJOMBOY Head to https://www.sportsmanagementworldwide.com/jobs-in-baseball and use code¬†...","","","","","",""
"24th lawsuit to be filed against Cleveland Browns QB Deshaun Watson | Pro Football Talk | NBC Sports","https://youtube.com/watch?v=5h-zXxheWD8","65K views","2 days ago","NBC Sports","https://youtube.com/c/NBCSports","https://i.ytimg.com/vi/5h-zXxheWD8/hq720.jpg?sqp=-oaymwEcCNAFEJQDSFXyq4qpAw4IARUAAIhCGAFwAcABBg==&rs=AOn4CLDvSf7LTjQ6YWZARmIWpLpC1_7g_A","<iframe width=""560"" height=""315"" src=""https://www.youtube.com/embed/5h-zXxheWD8"" title=""YouTube video player"" frameborder=""0"" allow=""accelerometer; autoplay; clipboard-write; encrypted-media; gyroscope; picture-in-picture"" allowfullscreen></iframe>","12:11","NBC Sports Group serves sports fans 24/7 with premier live events, insightful studio shows, and compelling original programming.","","","","","",""
"Greatest Sports Moments","https://youtube.com/watch?v=o7W7OvETO40","28M views","3 years ago","WTD Productions","https://youtube.com/c/WTDProductions","https://i.ytimg.com/vi/o7W7OvETO40/hq720.jpg?sqp=-oaymwEcCNAFEJQDSFXyq4qpAw4IARUAAIhCGAFwAcABBg==&rs=AOn4CLAFo35ABaWO_crA0UIZe685Tv9KRw","<iframe width=""560"" height=""315"" src=""https://www.youtube.com/embed/o7W7OvETO40"" title=""YouTube video player"" frameborder=""0"" allow=""accelerometer; autoplay; clipboard-write; encrypted-media; gyroscope; picture-in-picture"" allowfullscreen></iframe>","28:50","UPDATE: I AM IN THE PROCESS OF MAKING REVISIONS AND IMPROVING THIS VIDEO, SUBSCRIBE AND STAY TUNED!","","","","","",""
"1 IN A MILLION MOMENTS IN WOMEN'S SPORTS","https://youtube.com/watch?v=A5VDHd4Imjk","3.8M views","6 months ago","Trend Wave","https://youtube.com/c/TrendWave","https://i.ytimg.com/vi/A5VDHd4Imjk/hq720.jpg?sqp=-oaymwEcCNAFEJQDSFXyq4qpAw4IARUAAIhCGAFwAcABBg==&rs=AOn4CLAV95aEDFMyAw1sl4YQKYBfl9x_DA","<iframe width=""560"" height=""315"" src=""https://www.youtube.com/embed/A5VDHd4Imjk"" title=""YouTube video player"" frameborder=""0"" allow=""accelerometer; autoplay; clipboard-write; encrypted-media; gyroscope; picture-in-picture"" allowfullscreen></iframe>","6:58","1 IN A MILLION MOMENTS IN WOMEN'S SPORTS.","","","","","",""
"Kentucky Derby 2022 (FULL RACE) | NBC Sports","https://youtube.com/watch?v=wIYD42DV3Ro","5.3M views","1 month ago","NBC Sports","https://youtube.com/c/NBCSports","https://i.ytimg.com/vi/wIYD42DV3Ro/hqdefault.jpg?sqp=-oaymwEcCOADEI4CSFXyq4qpAw4IARUAAIhCGAFwAcABBg==&rs=AOn4CLCG4bXP83j8bPPQppFF3PKZCxle_g","<iframe width=""560"" height=""315"" src=""https://www.youtube.com/embed/wIYD42DV3Ro"" title=""YouTube video player"" frameborder=""0"" allow=""accelerometer; autoplay; clipboard-write; encrypted-media; gyroscope; picture-in-picture"" allowfullscreen></iframe>","2:38","NBC Sports Group serves sports fans 24/7 with premier live events, insightful studio shows, and compelling original programming.","","","","","",""
"Surviving SWITCH SPORTS Online (vs WEIRD Nintendo Avatars!) K-CITY GAMING","https://youtube.com/watch?v=T01N5o9IABA","222K views","11 days ago","K-City Gaming","https://youtube.com/c/KidCityGaming","https://i.ytimg.com/vi/T01N5o9IABA/hq720.jpg?sqp=-oaymwEcCNAFEJQDSFXyq4qpAw4IARUAAIhCGAFwAcABBg==&rs=AOn4CLCXnX5ttctR2fUm6Fb6JdpCCdarZA","<iframe width=""560"" height=""315"" src=""https://www.youtube.com/embed/T01N5o9IABA"" title=""YouTube video player"" frameborder=""0"" allow=""accelerometer; autoplay; clipboard-write; encrypted-media; gyroscope; picture-in-picture"" allowfullscreen></iframe>","18:49","K-City Family Gaming is a new channel brought to you by KidCity Family! On Instagram: https://www.instagram.com/kcityfamily/¬†...","","","","","",""
"Daily Fantasy Sports: Last Week Tonight with John Oliver (HBO)","https://youtube.com/watch?v=Mq785nJ0FXQ","11M views","6 years ago","LastWeekTonight","https://youtube.com/user/LastWeekTonight","https://i.ytimg.com/vi/Mq785nJ0FXQ/hqdefault.jpg?sqp=-oaymwEcCOADEI4CSFXyq4qpAw4IARUAAIhCGAFwAcABBg==&rs=AOn4CLAqFLCz_wADpQScPPdcAOWAmSCJIw","<iframe width=""560"" height=""315"" src=""https://www.youtube.com/embed/Mq785nJ0FXQ"" title=""YouTube video player"" frameborder=""0"" allow=""accelerometer; autoplay; clipboard-write; encrypted-media; gyroscope; picture-in-picture"" allowfullscreen></iframe>","19:03","Daily fantasy sports sites claim they are not gambling enterprises, but they seem awfully‚Ä¶gamblish. If only their ads were more¬†...","","","","","",""
"Nintendo Switch Sports - Gameplay Part 1 - Volleyball! Badminton! Bowling! Soccer! Chambara! Tennis!","https://youtube.com/watch?v=nFmxx6kyurU","237K views","1 month ago","ZackScottGames","https://youtube.com/user/ZackScottGames","https://i.ytimg.com/vi/nFmxx6kyurU/hq720.jpg?sqp=-oaymwEcCNAFEJQDSFXyq4qpAw4IARUAAIhCGAFwAcABBg==&rs=AOn4CLCDFy_7mAPAVFQ3jemDaq7lIKWmlA","<iframe width=""560"" height=""315"" src=""https://www.youtube.com/embed/nFmxx6kyurU"" title=""YouTube video player"" frameborder=""0"" allow=""accelerometer; autoplay; clipboard-write; encrypted-media; gyroscope; picture-in-picture"" allowfullscreen></iframe>","41:17","Thanks for watching my Nintendo Switch Sports Gameplay and Walkthrough! It's been awhile since we've had a new entry to the¬†...","","","","","",""
"Chelsea v. Wolves | PREMIER LEAGUE HIGHLIGHTS | 5/7/2022 | NBC Sports","https://youtube.com/watch?v=VmcUDTXp0ZY","422K views","1 month ago","NBC Sports","https://youtube.com/c/NBCSports","https://i.ytimg.com/vi/VmcUDTXp0ZY/hq720.jpg?sqp=-oaymwEcCNAFEJQDSFXyq4qpAw4IARUAAIhCGAFwAcABBg==&rs=AOn4CLCrtiJGdbpHf-DAmu2npN0yjZN5fQ","<iframe width=""560"" height=""315"" src=""https://www.youtube.com/embed/VmcUDTXp0ZY"" title=""YouTube video player"" frameborder=""0"" allow=""accelerometer; autoplay; clipboard-write; encrypted-media; gyroscope; picture-in-picture"" allowfullscreen></iframe>","16:05","NBC Sports Group serves sports fans 24/7 with premier live events, insightful studio shows, and compelling original programming.","","","","","",""
"Bill Burr's Sports Rants | CONAN on TBS","https://youtube.com/watch?v=jQO-OrjpybQ","3.1M views","1 year ago","Team Coco","https://youtube.com/c/TeamCoco","https://i.ytimg.com/vi/jQO-OrjpybQ/hq720.jpg?sqp=-oaymwEcCNAFEJQDSFXyq4qpAw4IARUAAIhCGAFwAcABBg==&rs=AOn4CLCaxWoLHDaHvItChlY8PShb-z15Sg","<iframe width=""560"" height=""315"" src=""https://www.youtube.com/embed/jQO-OrjpybQ"" title=""YouTube video player"" frameborder=""0"" allow=""accelerometer; autoplay; clipboard-write; encrypted-media; gyroscope; picture-in-picture"" allowfullscreen></iframe>","10:42","Contrarian sports fan and frequent CONAN guest Bill Burr weighs in on professional athletes using steroids, giving foul balls to¬†...","","","","","",""
"The Most Controversial Player in Sports","https://youtube.com/watch?v=Kcne0vP4NNE","3.5M views","8 months ago","Baseball Doesn't Exist","https://youtube.com/c/BaseballDoesntExist","https://i.ytimg.com/vi/Kcne0vP4NNE/hq720.jpg?sqp=-oaymwEcCNAFEJQDSFXyq4qpAw4IARUAAIhCGAFwAcABBg==&rs=AOn4CLA2PUMVYUa5XM1IQ9qNTRXKXTBOjA","<iframe width=""560"" height=""315"" src=""https://www.youtube.com/embed/Kcne0vP4NNE"" title=""YouTube video player"" frameborder=""0"" allow=""accelerometer; autoplay; clipboard-write; encrypted-media; gyroscope; picture-in-picture"" allowfullscreen></iframe>","21:34","How Trevor Bauer became the most controversial player in sports #baseball #sports #trevorbauer.","","","","","",""
"25-Minute Victoria Sport High Impact Cardio & Lower Body Workout","https://youtube.com/watch?v=I3OIbbuZ1XE","1.8M views","3 years ago","POPSUGAR Fitness","https://youtube.com/c/POPSUGARFitness","https://i.ytimg.com/vi/I3OIbbuZ1XE/hq720.jpg?sqp=-oaymwEcCNAFEJQDSFXyq4qpAw4IARUAAIhCGAFwAcABBg==&rs=AOn4CLD60SXSdRtpzLnWPhJi3G7D4m6VHQ","<iframe width=""560"" height=""315"" src=""https://www.youtube.com/embed/I3OIbbuZ1XE"" title=""YouTube video player"" frameborder=""0"" allow=""accelerometer; autoplay; clipboard-write; encrypted-media; gyroscope; picture-in-picture"" allowfullscreen></iframe>","26:25","Short on time? Victoria Sport ambassador Lita Lewis has a quick and effective lower-body burn for you with no equipment needed¬†...","","","","","",""
"All Sports Golf Battle 3 | Dude Perfect","https://youtube.com/watch?v=No8-mBek3rs","67M views","3 years ago","Dude Perfect","https://youtube.com/c/DudePerfect","https://i.ytimg.com/vi/No8-mBek3rs/hq720.jpg?sqp=-oaymwEcCNAFEJQDSFXyq4qpAw4IARUAAIhCGAFwAcABBg==&rs=AOn4CLAkWw6M27J20C7MqsS7l5yvvW6pVg","<iframe width=""560"" height=""315"" src=""https://www.youtube.com/embed/No8-mBek3rs"" title=""YouTube video player"" frameborder=""0"" allow=""accelerometer; autoplay; clipboard-write; encrypted-media; gyroscope; picture-in-picture"" allowfullscreen></iframe>","11:08","In between videos we hang out with you guys on Instagram, Snapchat, Twitter, and Facebook so pick your favorite one and hang¬†...","","","","","",""
"CELEBRITIES SHOW SKILLS IN SPORTS","https://youtube.com/watch?v=jjqeuFEkKXw","7.7M views","1 year ago","Who is there?","https://youtube.com/channel/UCCrXAdjvN23Rwr2XrHRrWbw","https://i.ytimg.com/vi/jjqeuFEkKXw/hq720.jpg?sqp=-oaymwEcCNAFEJQDSFXyq4qpAw4IARUAAIhCGAFwAcABBg==&rs=AOn4CLB1c8caYKP1OdvnACFBZkyQspl-jQ","<iframe width=""560"" height=""315"" src=""https://www.youtube.com/embed/jjqeuFEkKXw"" title=""YouTube video player"" frameborder=""0"" allow=""accelerometer; autoplay; clipboard-write; encrypted-media; gyroscope; picture-in-picture"" allowfullscreen></iframe>","8:19","CELEBRITIES SHOW SKILLS IN SPORTS.","","","","","",""
"SIDEMEN ALL SPORTS GOLF BATTLE","https://youtube.com/watch?v=OVStLXNdA6E","11M views","1 year ago","Sidemen","https://youtube.com/c/Sidemen","https://i.ytimg.com/vi/OVStLXNdA6E/hq720.jpg?sqp=-oaymwEcCNAFEJQDSFXyq4qpAw4IARUAAIhCGAFwAcABBg==&rs=AOn4CLDKwz98qMl2HF7dKw1Jcgew3V72aw","<iframe width=""560"" height=""315"" src=""https://www.youtube.com/embed/OVStLXNdA6E"" title=""YouTube video player"" frameborder=""0"" allow=""accelerometer; autoplay; clipboard-write; encrypted-media; gyroscope; picture-in-picture"" allowfullscreen></iframe>","29:20","----------------------------------------------------------------------------------------------------------------------- ‚ñ∂Ô∏è SIDEMEN ‚óÄÔ∏è JOSH (Zerkaa)¬†...","","","","","",""
"Deshaun Watson deal 'absolute disaster' for Browns, says Peter King | Pro Football Talk | NBC Sports","https://youtube.com/watch?v=QipqEWjfoRI","340K views","5 days ago","NBC Sports","https://youtube.com/c/NBCSports","https://i.ytimg.com/vi/QipqEWjfoRI/hq720.jpg?sqp=-oaymwEcCNAFEJQDSFXyq4qpAw4IARUAAIhCGAFwAcABBg==&rs=AOn4CLBAyjDOC5oZ8zircMcJJNk7q1tPxg","<iframe width=""560"" height=""315"" src=""https://www.youtube.com/embed/QipqEWjfoRI"" title=""YouTube video player"" frameborder=""0"" allow=""accelerometer; autoplay; clipboard-write; encrypted-media; gyroscope; picture-in-picture"" allowfullscreen></iframe>","11:51","NBC Sports Group serves sports fans 24/7 with premier live events, insightful studio shows, and compelling original programming.","","","","","",""
"Jurgen Klopp blamed for CL final crowd issues after 'encouraging ticketless fans to go Paris'","https://youtube.com/watch?v=jBMoTEmJNRA","331K views","8 days ago","Sky Sports News","https://youtube.com/c/SkySportsNews","https://i.ytimg.com/vi/jBMoTEmJNRA/hq720.jpg?sqp=-oaymwEcCNAFEJQDSFXyq4qpAw4IARUAAIhCGAFwAcABBg==&rs=AOn4CLCWiDyrF-TekQ2dJYgzUozNL_jAkw","<iframe width=""560"" height=""315"" src=""https://www.youtube.com/embed/jBMoTEmJNRA"" title=""YouTube video player"" frameborder=""0"" allow=""accelerometer; autoplay; clipboard-write; encrypted-media; gyroscope; picture-in-picture"" allowfullscreen></iframe>","5:45","Liverpool manager Jurgen Klopp has been blamed for the crowd chaos ahead of the Champions League final on Saturday.","","","","","",""
"How playing sports benefits your body ... and your brain - Leah Lagos and Jaspal Ricky Singh","https://youtube.com/watch?v=hmFQqjMF_f0","1.6M views","5 years ago","TED-Ed","https://youtube.com/teded","https://i.ytimg.com/vi/hmFQqjMF_f0/hq720.jpg?sqp=-oaymwEcCNAFEJQDSFXyq4qpAw4IARUAAIhCGAFwAcABBg==&rs=AOn4CLDVCVQNF4tya3Lk1o1AoU7S8t6XOg","<iframe width=""560"" height=""315"" src=""https://www.youtube.com/embed/hmFQqjMF_f0"" title=""YouTube video player"" frameborder=""0"" allow=""accelerometer; autoplay; clipboard-write; encrypted-media; gyroscope; picture-in-picture"" allowfullscreen></iframe>","3:47","Made in partnership with the Always #LikeAGirl campaign. The victory of the underdog. The last minute penalty shot that wins the¬†...","","","","","",""
"Sha'Carri Richardson battles Thompson-Herah in star-studded early season duel | NBC Sports","https://youtube.com/watch?v=dWVS3E6w_R0","1.9M views","11 days ago","NBC Sports","https://youtube.com/c/NBCSports","https://i.ytimg.com/vi/dWVS3E6w_R0/hq720.jpg?sqp=-oaymwEcCNAFEJQDSFXyq4qpAw4IARUAAIhCGAFwAcABBg==&rs=AOn4CLBJEMYa2YoLojkQ9lk5aZl03rsNYw","<iframe width=""560"" height=""315"" src=""https://www.youtube.com/embed/dWVS3E6w_R0"" title=""YouTube video player"" frameborder=""0"" allow=""accelerometer; autoplay; clipboard-write; encrypted-media; gyroscope; picture-in-picture"" allowfullscreen></iframe>","4:12","Olympic champ Elaine Thompson-Herah edges out American Sha'Carri Richardson in the women's 100m at the Prefontaine¬†...","","","","","",""
"NEVER SEEN BEFORE MOMENTS IN SPORTS ! üò≥","https://youtube.com/watch?v=7WMEjNY4e7Q","1.2M views","1 month ago","Sport WTF","https://youtube.com/channel/UCDv5MGPqEPhcZ9n-oJ36-AA","https://i.ytimg.com/vi/7WMEjNY4e7Q/hq720.jpg?sqp=-oaymwEcCNAFEJQDSFXyq4qpAw4IARUAAIhCGAFwAcABBg==&rs=AOn4CLBatcMPa1QefD2gJ392Ldw3_8ZQUA","<iframe width=""560"" height=""315"" src=""https://www.youtube.com/embed/7WMEjNY4e7Q"" title=""YouTube video player"" frameborder=""0"" allow=""accelerometer; autoplay; clipboard-write; encrypted-media; gyroscope; picture-in-picture"" allowfullscreen></iframe>","8:15","Please hit like and subscribe so you never miss a new upload again!   Like and sub! :D Football, basketball, soccer, tennis, and¬†...","","","","","",""
"Manchester United v. Chelsea | PREMIER LEAGUE HIGHLIGHTS | 4/28/2022 | NBC Sports","https://youtube.com/watch?v=YgY6D0TwywQ","962K views","1 month ago","NBC Sports","https://youtube.com/c/NBCSports","https://i.ytimg.com/vi/YgY6D0TwywQ/hqdefault.jpg?sqp=-oaymwEcCOADEI4CSFXyq4qpAw4IARUAAIhCGAFwAcABBg==&rs=AOn4CLC9qLyLuryOBBT-D9-V4VwpXxkLwQ","<iframe width=""560"" height=""315"" src=""https://www.youtube.com/embed/YgY6D0TwywQ"" title=""YouTube video player"" frameborder=""0"" allow=""accelerometer; autoplay; clipboard-write; encrypted-media; gyroscope; picture-in-picture"" allowfullscreen></iframe>","13:25","NBC Sports Group serves sports fans 24/7 with premier live events, insightful studio shows, and compelling original programming.","","","","","",""
"Rare Moments in Sports That Shocked The World","https://youtube.com/watch?v=l2s_mknWn-w","9.2M views","11 months ago","iLance7i","https://youtube.com/c/iLance7i","https://i.ytimg.com/vi/l2s_mknWn-w/hq720.jpg?sqp=-oaymwEcCNAFEJQDSFXyq4qpAw4IARUAAIhCGAFwAcABBg==&rs=AOn4CLA5OdYR--Gtm0sykWelkpSksW5puw","<iframe width=""560"" height=""315"" src=""https://www.youtube.com/embed/l2s_mknWn-w"" title=""YouTube video player"" frameborder=""0"" allow=""accelerometer; autoplay; clipboard-write; encrypted-media; gyroscope; picture-in-picture"" allowfullscreen></iframe>","5:40","Rare Moments in Sports That Shocked The World Watch in this video the funniest and rarest moments in sports. : Tobu x Wholm¬†...","","","","","",""
"Elaine Thompson-Herah's MEET RECORD dominates Rabat 100m | NBC Sports","https://youtube.com/watch?v=HW9bQH1Fsc8","103K views","3 days ago","NBC Sports","https://youtube.com/c/NBCSports","https://i.ytimg.com/vi/HW9bQH1Fsc8/hq720.jpg?sqp=-oaymwEcCNAFEJQDSFXyq4qpAw4IARUAAIhCGAFwAcABBg==&rs=AOn4CLAJJ08EBgnCp220pnKoM2TY_C_8GQ","<iframe width=""560"" height=""315"" src=""https://www.youtube.com/embed/HW9bQH1Fsc8"" title=""YouTube video player"" frameborder=""0"" allow=""accelerometer; autoplay; clipboard-write; encrypted-media; gyroscope; picture-in-picture"" allowfullscreen></iframe>","3:19","Jamaica's Elaine Thompson-Herah makes easy work of the women's 100m field at Diamond League Rabat, winning with a¬†...","","","","","",""
"May 2022 Top 30 Sports Plays of the Month | Highlights & Best Moments","https://youtube.com/watch?v=XAueOWOLxFE","13K views","7 days ago","Sports Complex","https://youtube.com/c/SportsComplexOfficial","https://i.ytimg.com/vi/XAueOWOLxFE/hq720.jpg?sqp=-oaymwEcCNAFEJQDSFXyq4qpAw4IARUAAIhCGAFwAcABBg==&rs=AOn4CLBzuiEtkhqGro9_PJB4I8N0isMcHQ","<iframe width=""560"" height=""315"" src=""https://www.youtube.com/embed/XAueOWOLxFE"" title=""YouTube video player"" frameborder=""0"" allow=""accelerometer; autoplay; clipboard-write; encrypted-media; gyroscope; picture-in-picture"" allowfullscreen></iframe>","10:05","All rights go to the original leagues and their broadcasters, no copyright infringement intended. If I feature clips that you own and¬†...","","","","","",""
"My Experience with Sports","https://youtube.com/watch?v=ehxCDvnfj7U","30M views","3 years ago","Jaiden Animations","https://youtube.com/c/jaiden","https://i.ytimg.com/vi/ehxCDvnfj7U/hq720.jpg?sqp=-oaymwEcCNAFEJQDSFXyq4qpAw4IARUAAIhCGAFwAcABBg==&rs=AOn4CLBNkYrpTtkLmN3Em0ar-ALknVhikA","<iframe width=""560"" height=""315"" src=""https://www.youtube.com/embed/ehxCDvnfj7U"" title=""YouTube video player"" frameborder=""0"" allow=""accelerometer; autoplay; clipboard-write; encrypted-media; gyroscope; picture-in-picture"" allowfullscreen></iframe>","8:53","i've done a sport or two in my day ‚ô• The Team ‚ô• Atrox: https://twitter.com/AtroxChobatsu Denny:¬†...","","","","","",""
"Craziest ""Reflexes"" Moments in Sports History","https://youtube.com/watch?v=mTM1_m48IcA","1.3M views","6 months ago","Highlight Reel","https://youtube.com/c/HighlightReelYT","https://i.ytimg.com/vi/mTM1_m48IcA/hq720.jpg?sqp=-oaymwEcCNAFEJQDSFXyq4qpAw4IARUAAIhCGAFwAcABBg==&rs=AOn4CLBB_6IUcR9HMM1fTwCrPP4XjYAAow","<iframe width=""560"" height=""315"" src=""https://www.youtube.com/embed/mTM1_m48IcA"" title=""YouTube video player"" frameborder=""0"" allow=""accelerometer; autoplay; clipboard-write; encrypted-media; gyroscope; picture-in-picture"" allowfullscreen></iframe>","24:43","20 MINUTES PLUS OF Craziest ""Reflexes"" Moments in Sports History BIBLE VERSE OF THE DAY: Matthew 11: 28-29.","","","","","",""
"Thierry Henry Explains Who Is Actually to Blame for Vini Jr's Final Winning Goal | CBS Sports Golazo","https://youtube.com/watch?v=zad4nTmAFoU","798K views","6 days ago","CBS Sports Golazo","https://youtube.com/c/cbssportsgolazo","https://i.ytimg.com/vi/zad4nTmAFoU/hq720.jpg?sqp=-oaymwEcCNAFEJQDSFXyq4qpAw4IARUAAIhCGAFwAcABBg==&rs=AOn4CLDc-o43uyMnEcTowjhKZQMkwP8u2A","<iframe width=""560"" height=""315"" src=""https://www.youtube.com/embed/zad4nTmAFoU"" title=""YouTube video player"" frameborder=""0"" allow=""accelerometer; autoplay; clipboard-write; encrypted-media; gyroscope; picture-in-picture"" allowfullscreen></iframe>","6:12","Watch as Jamie Carragher, Micah Richards and Thierry Henry debate who deserves fault for Vinicius' goal that decided the 2022¬†...","","","","","",""
"Chelsea v. Leicester City | PREMIER LEAGUE HIGHLIGHTS | 5/19/2022 | NBC Sports","https://youtube.com/watch?v=mzeew8CKHQU","409K views","2 weeks ago","NBC Sports","https://youtube.com/c/NBCSports","https://i.ytimg.com/vi/mzeew8CKHQU/hq720.jpg?sqp=-oaymwEcCNAFEJQDSFXyq4qpAw4IARUAAIhCGAFwAcABBg==&rs=AOn4CLAzggBQZEb8jnLS5H22PhiIITAhkA","<iframe width=""560"" height=""315"" src=""https://www.youtube.com/embed/mzeew8CKHQU"" title=""YouTube video player"" frameborder=""0"" allow=""accelerometer; autoplay; clipboard-write; encrypted-media; gyroscope; picture-in-picture"" allowfullscreen></iframe>","10:51","NBC Sports Group serves sports fans 24/7 with premier live events, insightful studio shows, and compelling original programming.","","","","","",""
"Sports Ball Song + More Nursery Rhymes & Kids Songs - CoComelon","https://youtube.com/watch?v=e96kTezqN4s","67M views","5 years ago","Cocomelon - Nursery Rhymes","https://youtube.com/channel/UCbCmjCuTUZos6Inko4u57UQ","","<iframe width=""560"" height=""315"" src=""https://www.youtube.com/embed/e96kTezqN4s"" title=""YouTube video player"" frameborder=""0"" allow=""accelerometer; autoplay; clipboard-write; encrypted-media; gyroscope; picture-in-picture"" allowfullscreen></iframe>","1:10:30","About Cocomelon: Where kids can be happy and smart! At Cocomelon, our goal is to help make learning a fun and enjoyable¬†...","","","","","",""
"Sports - Whatever You Want (Official Audio)","https://youtube.com/watch?v=S5uyfi2LjQk","85K views","2 years ago","Sports","https://youtube.com/channel/UCr6Bv4M4Jsec9Xrc9lBOT7A","https://i.ytimg.com/vi/S5uyfi2LjQk/hq720.jpg?sqp=-oaymwEcCNAFEJQDSFXyq4qpAw4IARUAAIhCGAFwAcABBg==&rs=AOn4CLCaPWrYpXRw-ftMxzM4w23sPbClQA","<iframe width=""560"" height=""315"" src=""https://www.youtube.com/embed/S5uyfi2LjQk"" title=""YouTube video player"" frameborder=""0"" allow=""accelerometer; autoplay; clipboard-write; encrypted-media; gyroscope; picture-in-picture"" allowfullscreen></iframe>","3:09","Listen to Sports ‚ÄúPeople Can't Stop Chillin‚Äù - available everywhere: https://smarturl.it/PCSC Subscribe to Sports on YouTube:¬†...","","","","","",""
"Who Will Finish Last in Each Division?","https://youtube.com/watch?v=-n0TT2Y09l4","18K views","Streamed 9 days ago","ThatsGoodSports","https://youtube.com/c/thatsgoodsports","https://i.ytimg.com/vi/-n0TT2Y09l4/hqdefault.jpg?sqp=-oaymwEcCOADEI4CSFXyq4qpAw4IARUAAIhCGAFwAcABBg==&rs=AOn4CLC8t0Js1zp4N-7Ue-4fMcHQicCaYw","<iframe width=""560"" height=""315"" src=""https://www.youtube.com/embed/-n0TT2Y09l4"" title=""YouTube video player"" frameborder=""0"" allow=""accelerometer; autoplay; clipboard-write; encrypted-media; gyroscope; picture-in-picture"" allowfullscreen></iframe>","1:03:01","Who Will Finish Last in Each Division? Antonio Brown is not returning to the NFL. The Browns paid tight end David Njoku & we¬†...","","","","","",""
"Mac Jones has chance to 'take over' New England Patriots | Pro Football Talk | NBC Sports","https://youtube.com/watch?v=VtiCg9Otx20","25K views","7 days ago","NBC Sports","https://youtube.com/c/NBCSports","https://i.ytimg.com/vi/VtiCg9Otx20/hq720.jpg?sqp=-oaymwEcCNAFEJQDSFXyq4qpAw4IARUAAIhCGAFwAcABBg==&rs=AOn4CLAhxI81rcVaZxWNYNCoCn2_V0NVEA","<iframe width=""560"" height=""315"" src=""https://www.youtube.com/embed/VtiCg9Otx20"" title=""YouTube video player"" frameborder=""0"" allow=""accelerometer; autoplay; clipboard-write; encrypted-media; gyroscope; picture-in-picture"" allowfullscreen></iframe>","8:39","NBC Sports Group serves sports fans 24/7 with premier live events, insightful studio shows, and compelling original programming.","","","","","",""
"Welcome to the Era of Sports Entertainment in AEW | St Patrick's Day Slam, 3/16/22","https://youtube.com/watch?v=oupHBa1z1LE","735K views","2 months ago","All Elite Wrestling","https://youtube.com/c/AEW","https://i.ytimg.com/vi/oupHBa1z1LE/hq720.jpg?sqp=-oaymwEcCNAFEJQDSFXyq4qpAw4IARUAAIhCGAFwAcABBg==&rs=AOn4CLCKoYBEzKNDhkmqg2MFMb9jrhAw7w","<iframe width=""560"" height=""315"" src=""https://www.youtube.com/embed/oupHBa1z1LE"" title=""YouTube video player"" frameborder=""0"" allow=""accelerometer; autoplay; clipboard-write; encrypted-media; gyroscope; picture-in-picture"" allowfullscreen></iframe>","9:17","AEWDynamite #AEWRampage #AllEliteWrestling St Patrick's Day Slam, 3/16/22 Subscribe now and never miss a new video:¬†...","","","","","",""
"ü•ä Face Off: Kambosos vs Haney | Fighters get fiery & call each other out | Main Event | Fox Sports","https://youtube.com/watch?v=IweAOg0-AAo","246K views","8 days ago","FOX SPORTS AUSTRALIA","https://youtube.com/c/foxsportsaus","https://i.ytimg.com/vi/IweAOg0-AAo/hq720.jpg?sqp=-oaymwEcCNAFEJQDSFXyq4qpAw4IARUAAIhCGAFwAcABBg==&rs=AOn4CLCSQ2_NhT6axrvrs7zaVfMNQtvDTA","<iframe width=""560"" height=""315"" src=""https://www.youtube.com/embed/IweAOg0-AAo"" title=""YouTube video player"" frameborder=""0"" allow=""accelerometer; autoplay; clipboard-write; encrypted-media; gyroscope; picture-in-picture"" allowfullscreen></iframe>","19:06","Before you watch #KambososHaney this Sunday ‚Äì see the lightweights go at each other as they sit down at Marvel Stadium¬†...","","","","","",""
"SPORTS ANIME RAP CYPHER | RUSTAGE ft. Khantrast, Zach B, Breeton Boi & More","https://youtube.com/watch?v=aE9mKSR0OPI","1.1M views","1 year ago","RUSTAGE","https://youtube.com/c/rustage","https://i.ytimg.com/vi/aE9mKSR0OPI/hq720.jpg?sqp=-oaymwEcCNAFEJQDSFXyq4qpAw4IARUAAIhCGAFwAcABBg==&rs=AOn4CLCOdOC62xF2H9jLWO0kJfNSTPw6MA","<iframe width=""560"" height=""315"" src=""https://www.youtube.com/embed/aE9mKSR0OPI"" title=""YouTube video player"" frameborder=""0"" allow=""accelerometer; autoplay; clipboard-write; encrypted-media; gyroscope; picture-in-picture"" allowfullscreen></iframe>","5:11","Credits: Instrumental/Production: Rustage Haikyuu: Rustage http://bit.ly/2W0pmTH Eyeshield 21 - Delta Deez¬†...","","","","","",""
"The Return of Coach Lasso: NBC Sports Premier League Film featuring Jason Sudeikis | NBC Sports","https://youtube.com/watch?v=iRqypM7jb5Y","8.6M views","7 years ago","NBC Sports","https://youtube.com/c/NBCSports","https://i.ytimg.com/vi/iRqypM7jb5Y/hq720.jpg?sqp=-oaymwEcCNAFEJQDSFXyq4qpAw4IARUAAIhCGAFwAcABBg==&rs=AOn4CLAykBfjJ1JLvL0q3-zOmLkAbWe6qQ","<iframe width=""560"" height=""315"" src=""https://www.youtube.com/embed/iRqypM7jb5Y"" title=""YouTube video player"" frameborder=""0"" allow=""accelerometer; autoplay; clipboard-write; encrypted-media; gyroscope; picture-in-picture"" allowfullscreen></iframe>","6:05","After being fired by Tottenham Hotspur, Coach Lasso (Jason Sudeikis) is back in the US-of-A, looking to make the most of his¬†...","","","","","",""
"Sports Song | Do You Like Sports? | Fun Kids English","https://youtube.com/watch?v=WCYTlVF-djw","665K views","3 years ago","Fun Kids English","https://youtube.com/c/Funkidsenglish","https://i.ytimg.com/vi/WCYTlVF-djw/hq720.jpg?sqp=-oaymwEcCNAFEJQDSFXyq4qpAw4IARUAAIhCGAFwAcABBg==&rs=AOn4CLAb4tcS6sTRamwZP8GJGDpGJJvbWw","<iframe width=""560"" height=""315"" src=""https://www.youtube.com/embed/WCYTlVF-djw"" title=""YouTube video player"" frameborder=""0"" allow=""accelerometer; autoplay; clipboard-write; encrypted-media; gyroscope; picture-in-picture"" allowfullscreen></iframe>","3:26","Lyrics: Do you like playing sports? Yes, I do. Can you kick and hit? Can you bounce and catch? Do you like playing sports? Yes¬†...","","","","","",""
"The Olympics NEEDS This Sport!!","https://youtube.com/shorts/uIppJ6n6FD0","59M views","2 weeks ago","How Ridiculous","https://youtube.com/c/howridiculous","https://i.ytimg.com/vi/uIppJ6n6FD0/hq720_2.jpg?sqp=-oaymwEdCJYDENAFSFXyq4qpAw8IARUAAIhCcAHAAQbQAQE=&rs=AOn4CLDSRUX40CbsJnelakAWwmPy1EG7ZQ","<iframe width=""560"" height=""315"" src=""https://www.youtube.com/embed/https://youtube.com/shorts/uIppJ6n6FD0"" title=""YouTube video player"" frameborder=""0"" allow=""accelerometer; autoplay; clipboard-write; encrypted-media; gyroscope; picture-in-picture"" allowfullscreen></iframe>","SHORTS","Shorts Thanks to BounceINC Cannington! https://www.bounceinc.com.au/","","","","","",""
"French Open Men's Singles Final: Rafael Nadal vs. Casper Ruud | HIGHLIGHTS | 6/5/2022 | NBC Sports","https://youtube.com/watch?v=N7EI6qTYnCY","87K views","3 days ago","NBC Sports","https://youtube.com/c/NBCSports","https://i.ytimg.com/vi/N7EI6qTYnCY/hq720.jpg?sqp=-oaymwEcCNAFEJQDSFXyq4qpAw4IARUAAIhCGAFwAcABBg==&rs=AOn4CLAGgeilj2CznsbQBF39QBf8HvhxHw","<iframe width=""560"" height=""315"" src=""https://www.youtube.com/embed/N7EI6qTYnCY"" title=""YouTube video player"" frameborder=""0"" allow=""accelerometer; autoplay; clipboard-write; encrypted-media; gyroscope; picture-in-picture"" allowfullscreen></iframe>","5:18","NBC Sports Group serves sports fans 24/7 with premier live events, insightful studio shows, and compelling original programming.","","","","","",""
"Coronavirus VII: Sports: Last Week Tonight with John Oliver (HBO)","https://youtube.com/watch?v=z4gBMw64aqk","7.6M views","2 years ago","LastWeekTonight","https://youtube.com/user/LastWeekTonight","","<iframe width=""560"" height=""315"" src=""https://www.youtube.com/embed/z4gBMw64aqk"" title=""YouTube video player"" frameborder=""0"" allow=""accelerometer; autoplay; clipboard-write; encrypted-media; gyroscope; picture-in-picture"" allowfullscreen></iframe>","21:46","John Oliver discusses the sudden disappearance of sports due to coronavirus, how their absence is impacting people emotionally¬†...","","","","","",""
"WORST Franchises In NBA History","https://youtube.com/watch?v=_uAZd_ePeVE","137K views","1 day ago","Nonstop Sports","https://youtube.com/c/NonstopSports","","<iframe width=""560"" height=""315"" src=""https://www.youtube.com/embed/_uAZd_ePeVE"" title=""YouTube video player"" frameborder=""0"" allow=""accelerometer; autoplay; clipboard-write; encrypted-media; gyroscope; picture-in-picture"" allowfullscreen></iframe>","10:30","They make bad trades and bet on the wrong players. They have bad ownership, worse GMs, and too many disappointed fans.","","","","","",""
"Tottenham v. Arsenal | PREMIER LEAGUE HIGHLIGHTS | 5/12/2022 | NBC Sports","https://youtube.com/watch?v=L6QMjKJzWcs","802K views","3 weeks ago","NBC Sports","https://youtube.com/c/NBCSports","","<iframe width=""560"" height=""315"" src=""https://www.youtube.com/embed/L6QMjKJzWcs"" title=""YouTube video player"" frameborder=""0"" allow=""accelerometer; autoplay; clipboard-write; encrypted-media; gyroscope; picture-in-picture"" allowfullscreen></iframe>","15:04","NBC Sports Group serves sports fans 24/7 with premier live events, insightful studio shows, and compelling original programming.","","","","","",""
"Simms Top 40 QB Countdown: #8-5 + Big Phil on Lamar Jackson | CHRIS SIMMS UNBUTTONED (Ep. 379 FULL)","https://youtube.com/watch?v=-NS3wRZqgRM","2.5K views","3 hours ago","NBC Sports","https://youtube.com/c/NBCSports","","<iframe width=""560"" height=""315"" src=""https://www.youtube.com/embed/-NS3wRZqgRM"" title=""YouTube video player"" frameborder=""0"" allow=""accelerometer; autoplay; clipboard-write; encrypted-media; gyroscope; picture-in-picture"" allowfullscreen></iframe>","1:38:08","""We are getting into the ballers of the ballers."" It's a parade of Super Bowl champs as we near the end of the Top 40 QB¬†...","","","","","",""
"Top 10 NHL fights of all time | NBC Sports","https://youtube.com/watch?v=H_neSjf8QMA","3.6M views","2 years ago","NBC Sports","https://youtube.com/c/NBCSports","","<iframe width=""560"" height=""315"" src=""https://www.youtube.com/embed/H_neSjf8QMA"" title=""YouTube video player"" frameborder=""0"" allow=""accelerometer; autoplay; clipboard-write; encrypted-media; gyroscope; picture-in-picture"" allowfullscreen></iframe>","14:29","NBC Sports Group serves sports fans 24/7 with premier live events, insightful studio shows, and compelling original programming.","","","","","",""
"Sports - You Are The Right One (Official Music Video)","https://youtube.com/watch?v=Y_hdQXQfsNg","1.8M views","6 years ago","Sports","https://youtube.com/channel/UCr6Bv4M4Jsec9Xrc9lBOT7A","","<iframe width=""560"" height=""315"" src=""https://www.youtube.com/embed/Y_hdQXQfsNg"" title=""YouTube video player"" frameborder=""0"" allow=""accelerometer; autoplay; clipboard-write; encrypted-media; gyroscope; picture-in-picture"" allowfullscreen></iframe>","3:00","Music video by Sports performing You Are The Right One Shop: https://merch.sportsbandok.com/ Buy the Naked All The Time on¬†...","","","","","",""
"Never Have I Ever... Argued With An Opposition Manager! | McGinn & Ramsey","https://youtube.com/watch?v=O8dZfdpbj50","125K views","9 days ago","Sky Sports Football","https://youtube.com/c/SkySportsFootball","","<iframe width=""560"" height=""315"" src=""https://www.youtube.com/embed/O8dZfdpbj50"" title=""YouTube video player"" frameborder=""0"" allow=""accelerometer; autoplay; clipboard-write; encrypted-media; gyroscope; picture-in-picture"" allowfullscreen></iframe>","10:50","SUBSCRIBE ‚ñª http://bit.ly/SSFootballSub PREMIER LEAGUE HIGHLIGHTS ‚ñª http://bit.ly/SkySportsPLHighlights2122 John¬†...","","","","","",""
"12 √âtirements Que tu Peux Faire √† La Maison Pour Br√ªler Les Graisses","https://youtube.com/watch?v=mrkSJDigMs8","4.5M views","4 years ago","SYMPA","https://youtube.com/c/SYMPA_FR","","<iframe width=""560"" height=""315"" src=""https://www.youtube.com/embed/mrkSJDigMs8"" title=""YouTube video player"" frameborder=""0"" allow=""accelerometer; autoplay; clipboard-write; encrypted-media; gyroscope; picture-in-picture"" allowfullscreen></iframe>","14:19","Timestamps : Le Cobra 0:33 La torsion assise 1:33 Le guerrier 2:39 Le pont 3:49 La flexion lat√©rale 4:49 √âtirement int√©rieur des¬†...","","","","","",""
"Casually Explained: Sports","https://youtube.com/watch?v=V0EwM9h-7VM","5M views","5 years ago","Casually Explained","https://youtube.com/c/CasuallyExplained","","<iframe width=""560"" height=""315"" src=""https://www.youtube.com/embed/V0EwM9h-7VM"" title=""YouTube video player"" frameborder=""0"" allow=""accelerometer; autoplay; clipboard-write; encrypted-media; gyroscope; picture-in-picture"" allowfullscreen></iframe>","3:39","Really wanted this one to be a smidge longer but was really struggling with the audio working properly, will be fixed for the next¬†...","","","","","",""
"Nintendo Switch Sports - Announcement Trailer - Nintendo Switch","https://youtube.com/watch?v=TZ16-1YIRAc","1.8M views","3 months ago","Nintendo","https://youtube.com/c/nintendo","","<iframe width=""560"" height=""315"" src=""https://www.youtube.com/embed/TZ16-1YIRAc"" title=""YouTube video player"" frameborder=""0"" allow=""accelerometer; autoplay; clipboard-write; encrypted-media; gyroscope; picture-in-picture"" allowfullscreen></iframe>","2:53","Introducing a new iteration of the Wii Sports series, Nintendo Switch Sports! Play sports such as Bowling, Tennis, & Chambara as¬†...","","","","","",""
"Sports Nightly: June 7th, 2022","https://youtube.com/watch?v=Pdlct8mn1_4","280 views","Streamed 1 day ago","Nebraska Huskers","https://youtube.com/c/Huskers","","<iframe width=""560"" height=""315"" src=""https://www.youtube.com/embed/Pdlct8mn1_4"" title=""YouTube video player"" frameborder=""0"" allow=""accelerometer; autoplay; clipboard-write; encrypted-media; gyroscope; picture-in-picture"" allowfullscreen></iframe>","1:56:36","Sports Nightly, presented by the NDOT Highway Safety Office with Greg Sharpe & Jessica Coody, live from our ‚ú®brand new‚ú®¬†...","","","","","",""
"Will Watson sink both the Texans & Browns?","https://youtube.com/watch?v=aviZM_7xHdc","14K views","Streamed 12 hours ago","ThatsGoodSports","https://youtube.com/c/thatsgoodsports","","<iframe width=""560"" height=""315"" src=""https://www.youtube.com/embed/aviZM_7xHdc"" title=""YouTube video player"" frameborder=""0"" allow=""accelerometer; autoplay; clipboard-write; encrypted-media; gyroscope; picture-in-picture"" allowfullscreen></iframe>","1:05:44","Welcome Back to Hell Browns Fans. Even more than the 24 civil suits filed against browns quarterback are expected to be filed.","","","","","",""
"Southampton v. Liverpool | PREMIER LEAGUE HIGHLIGHTS | 5/17/2022 | NBC Sports","https://youtube.com/watch?v=k0NPsTRFc2A","575K views","3 weeks ago","NBC Sports","https://youtube.com/c/NBCSports","","<iframe width=""560"" height=""315"" src=""https://www.youtube.com/embed/k0NPsTRFc2A"" title=""YouTube video player"" frameborder=""0"" allow=""accelerometer; autoplay; clipboard-write; encrypted-media; gyroscope; picture-in-picture"" allowfullscreen></iframe>","11:36","NBC Sports Group serves sports fans 24/7 with premier live events, insightful studio shows, and compelling original programming.","","","","","",""
"Sesame Street: Learn to Play Sports with Elmo | Elmo's World Compilation","https://youtube.com/watch?v=3PKM1074k7s","1M views","2 months ago","Sesame Street","https://youtube.com/sesame","","<iframe width=""560"" height=""315"" src=""https://www.youtube.com/embed/3PKM1074k7s"" title=""YouTube video player"" frameborder=""0"" allow=""accelerometer; autoplay; clipboard-write; encrypted-media; gyroscope; picture-in-picture"" allowfullscreen></iframe>","25:03","Join Elmo as he learns to play sports with balls, do yoga, more in this Elmo's World compilation! Subscribe to the Sesame Street¬†...","","","","","",""
"8 Under $8,000 - Cheap Sports Car Showdown (Part 1) | Everyday Driver","https://youtube.com/watch?v=ifK7m-snRSY","922K views","9 months ago","EverydayDriver","https://youtube.com/c/EverydayDriver","","<iframe width=""560"" height=""315"" src=""https://www.youtube.com/embed/ifK7m-snRSY"" title=""YouTube video player"" frameborder=""0"" allow=""accelerometer; autoplay; clipboard-write; encrypted-media; gyroscope; picture-in-picture"" allowfullscreen></iframe>","40:16","Cheap sports cars still exist! We put our two long term cars against the ones we didn't chose: Mazda Miata, Pontiac Solstice, BMW¬†...","","","","","",""
